pg_dump: warning: there are circular foreign-key constraints on this table:
pg_dump: detail: sites
pg_dump: hint: You might not be able to restore the dump without using --disable-triggers or temporarily dropping the constraints.
pg_dump: hint: Consider using a full dump instead of a --data-only dump to avoid this problem.
--
-- PostgreSQL database dump
--

\restrict SEVMHgM4Ms6ADYlu4eKYsqTj40gX1b3dIxpyilStU4W1gZa54CBu5Z7UVDycu70

-- Dumped from database version 16.11
-- Dumped by pg_dump version 16.11

SET statement_timeout = 0;
SET lock_timeout = 0;
SET idle_in_transaction_session_timeout = 0;
SET client_encoding = 'UTF8';
SET standard_conforming_strings = on;
SELECT pg_catalog.set_config('search_path', '', false);
SET check_function_bodies = false;
SET xmloption = content;
SET client_min_messages = warning;
SET row_security = off;

--
-- Data for Name: organizations; Type: TABLE DATA; Schema: public; Owner: -
--

INSERT INTO public.organizations VALUES ('4ca47df0-ce85-4833-9ad9-36f679e01894', '00000000-0000-0000-0000-000000000001', 'rtmglkmrg;lmd', 'hrthr', '{}', '2026-02-05 18:39:21.940478+00', '2026-02-05 18:39:21.940484+00', 'gfegrege', 'mark@gito.co.za', '', 'active');
INSERT INTO public.organizations VALUES ('10000000-0000-0000-0000-000000000001', '00000000-0000-0000-0000-000000000001', 'Eskom Holdings SOC Ltd', 'South African electricity public utility', '{}', '2026-02-06 18:25:52.653236+00', '2026-02-06 18:25:52.653236+00', 'eskom', NULL, NULL, 'active');
INSERT INTO public.organizations VALUES ('10000000-0000-0000-0000-000000000002', '00000000-0000-0000-0000-000000000001', 'Rand Water', 'Largest water utility in Africa', '{}', '2026-02-06 18:25:52.653236+00', '2026-02-06 18:25:52.653236+00', 'rand-water', NULL, NULL, 'active');
INSERT INTO public.organizations VALUES ('10000000-0000-0000-0000-000000000003', '00000000-0000-0000-0000-000000000001', 'City of Cape Town', 'Cape Town Metropolitan Municipality', '{}', '2026-02-06 18:25:52.653236+00', '2026-02-06 18:25:52.653236+00', 'cpt-municipality', NULL, NULL, 'active');
INSERT INTO public.organizations VALUES ('10000000-0000-0000-0000-000000000004', '00000000-0000-0000-0000-000000000001', 'Johannesburg Water', 'Johannesburg water and sanitation utility', '{}', '2026-02-06 18:25:52.653236+00', '2026-02-06 18:25:52.653236+00', 'jhb-water', NULL, NULL, 'active');
INSERT INTO public.organizations VALUES ('10000000-0000-0000-0000-000000000005', '00000000-0000-0000-0000-000000000001', 'Transnet SOC Ltd', 'South African freight transport and logistics', '{}', '2026-02-06 18:25:52.653236+00', '2026-02-06 18:25:52.653236+00', 'transnet', NULL, NULL, 'active');


--
-- Data for Name: sites; Type: TABLE DATA; Schema: public; Owner: -
--

INSERT INTO public.sites VALUES ('20000000-0000-0000-0000-000000000001', '00000000-0000-0000-0000-000000000001', '10000000-0000-0000-0000-000000000001', 'Lethabo Power Station', 'Vereeniging, Gauteng', '{}', '2026-02-06 18:25:52.663668+00', '2026-02-06 18:25:52.663668+00', NULL, 'factory', '{"lat": -26.7833, "lng": 27.9167}', 'Africa/Johannesburg');
INSERT INTO public.sites VALUES ('20000000-0000-0000-0000-000000000002', '00000000-0000-0000-0000-000000000001', '10000000-0000-0000-0000-000000000004', 'Johannesburg CBD Water Plant', 'Braamfontein, Johannesburg', '{}', '2026-02-06 18:25:52.663668+00', '2026-02-06 18:25:52.663668+00', NULL, 'warehouse', '{"lat": -26.1929, "lng": 28.0336}', 'Africa/Johannesburg');
INSERT INTO public.sites VALUES ('20000000-0000-0000-0000-000000000003', '00000000-0000-0000-0000-000000000001', '10000000-0000-0000-0000-000000000005', 'Johannesburg Container Terminal', 'City Deep, Johannesburg', '{}', '2026-02-06 18:25:52.663668+00', '2026-02-06 18:25:52.663668+00', NULL, 'warehouse', '{"lat": -26.2708, "lng": 28.0714}', 'Africa/Johannesburg');
INSERT INTO public.sites VALUES ('20000000-0000-0000-0000-000000000004', '00000000-0000-0000-0000-000000000001', '10000000-0000-0000-0000-000000000003', 'Cape Town CBD Monitoring Station', 'City Centre, Cape Town', '{}', '2026-02-06 18:25:52.663668+00', '2026-02-06 18:25:52.663668+00', NULL, 'office', '{"lat": -33.9249, "lng": 18.4241}', 'Africa/Johannesburg');
INSERT INTO public.sites VALUES ('20000000-0000-0000-0000-000000000005', '00000000-0000-0000-0000-000000000001', '10000000-0000-0000-0000-000000000003', 'Table Bay Harbour Sensors', 'V&A Waterfront, Cape Town', '{}', '2026-02-06 18:25:52.663668+00', '2026-02-06 18:25:52.663668+00', NULL, 'warehouse', '{"lat": -33.9067, "lng": 18.4233}', 'Africa/Johannesburg');
INSERT INTO public.sites VALUES ('20000000-0000-0000-0000-000000000006', '00000000-0000-0000-0000-000000000001', '10000000-0000-0000-0000-000000000005', 'Durban Container Terminal', 'Durban Harbour, KwaZulu-Natal', '{}', '2026-02-06 18:25:52.663668+00', '2026-02-06 18:25:52.663668+00', NULL, 'warehouse', '{"lat": -29.8674, "lng": 31.0429}', 'Africa/Johannesburg');
INSERT INTO public.sites VALUES ('20000000-0000-0000-0000-000000000007', '00000000-0000-0000-0000-000000000001', '10000000-0000-0000-0000-000000000002', 'Rietvlei Water Treatment Works', 'Centurion, Gauteng', '{}', '2026-02-06 18:25:52.663668+00', '2026-02-06 18:25:52.663668+00', NULL, 'factory', '{"lat": -25.8853, "lng": 28.2683}', 'Africa/Johannesburg');


--
-- Data for Name: device_groups; Type: TABLE DATA; Schema: public; Owner: -
--

INSERT INTO public.device_groups VALUES ('30000000-0000-0000-0000-000000000001', '00000000-0000-0000-0000-000000000001', 'Gauteng Power Monitoring', 'Energy meters across Gauteng province', '{}', '2026-02-06 18:27:05.491135+00', '2026-02-06 18:27:05.491135+00', '10000000-0000-0000-0000-000000000001', NULL, NULL, '{}');
INSERT INTO public.device_groups VALUES ('30000000-0000-0000-0000-000000000002', '00000000-0000-0000-0000-000000000001', 'Water Quality Sensors', 'Water quality monitoring devices', '{}', '2026-02-06 18:27:05.491135+00', '2026-02-06 18:27:05.491135+00', '10000000-0000-0000-0000-000000000002', NULL, NULL, '{}');
INSERT INTO public.device_groups VALUES ('30000000-0000-0000-0000-000000000003', '00000000-0000-0000-0000-000000000001', 'Cape Town Environmental', 'Environmental sensors in Western Cape', '{}', '2026-02-06 18:27:05.491135+00', '2026-02-06 18:27:05.491135+00', '10000000-0000-0000-0000-000000000003', NULL, NULL, '{}');
INSERT INTO public.device_groups VALUES ('30000000-0000-0000-0000-000000000004', '00000000-0000-0000-0000-000000000001', 'Freight GPS Trackers', 'Vehicle tracking for freight logistics', '{}', '2026-02-06 18:27:05.491135+00', '2026-02-06 18:27:05.491135+00', '10000000-0000-0000-0000-000000000005', NULL, NULL, '{}');
INSERT INTO public.device_groups VALUES ('30000000-0000-0000-0000-000000000005', '00000000-0000-0000-0000-000000000001', 'JHB Water Flow Meters', 'Water consumption meters in Johannesburg', '{}', '2026-02-06 18:27:05.491135+00', '2026-02-06 18:27:05.491135+00', '10000000-0000-0000-0000-000000000004', NULL, NULL, '{}');


--
-- Data for Name: device_types; Type: TABLE DATA; Schema: public; Owner: -
--

INSERT INTO public.device_types VALUES ('63579b72-5a15-40b0-860d-ed0c00fc161c', '00000000-0000-0000-0000-000000000001', 'Environmental Sensor', 'Multi-sensor for temperature, humidity, and air quality monitoring', 'Generic', '', 'sensor', 'thermometer', '#10b981', '[{"max": 85.0, "min": -40.0, "name": "temperature", "type": "float", "unit": "°C", "required": true, "description": "temperature"}, {"max": 100.0, "min": 0.0, "name": "humidity", "type": "float", "unit": "%", "required": true, "description": "Relative humidity"}, {"max": 1100.0, "min": 300.0, "name": "pressure", "type": "float", "unit": "hPa", "required": false, "description": "Atmospheric pressure"}, {"max": 100.0, "min": 0.0, "name": "battery", "type": "integer", "unit": "%", "required": false, "description": "Battery level"}]', '["telemetry", "alerts", "firmware_ota"]', '{"offline_threshold": 900, "heartbeat_interval": 60, "telemetry_interval": 300, "battery_low_threshold": 20}', '{"protocol": "lorawan", "http_endpoint": null, "lorawan_class": "A", "mqtt_topic_template": null}', '{}', true, 2, '2026-02-04 20:18:31.803208+00', '2026-02-06 18:27:05.498006+00');
INSERT INTO public.device_types VALUES ('86589e6b-6035-4961-913b-5fda31bf9e88', '00000000-0000-0000-0000-000000000001', 'Smart Meter', 'Energy consumption meter with real-time monitoring', 'Generic', NULL, 'meter', 'zap', '#f59e0b', '[{"min": 0, "name": "power", "type": "float", "unit": "W", "required": true, "description": "Current power consumption"}, {"min": 0, "name": "energy", "type": "float", "unit": "kWh", "required": true, "description": "Total energy consumed"}, {"max": 500, "min": 0, "name": "voltage", "type": "float", "unit": "V", "required": false, "description": "Line voltage"}, {"min": 0, "name": "current", "type": "float", "unit": "A", "required": false, "description": "Line current"}]', '["telemetry", "alerts", "commands"]', '{"offline_threshold": 300, "heartbeat_interval": 30, "telemetry_interval": 60}', '{"protocol": "mqtt"}', '{}', true, 0, '2026-02-04 20:18:31.803208+00', '2026-02-06 15:56:02.592973+00');
INSERT INTO public.device_types VALUES ('15abeb05-c812-425e-afcf-e31f5cf39a91', '00000000-0000-0000-0000-000000000001', 'LoRaWAN Gateway', 'LoRaWAN network gateway for device connectivity', 'Generic', NULL, 'gateway', 'radio', '#3b82f6', '[{"min": 0, "name": "connected_devices", "type": "integer", "required": true, "description": "Number of connected devices"}, {"min": 0, "name": "packets_received", "type": "integer", "required": false, "description": "Packets received"}, {"min": 0, "name": "packets_transmitted", "type": "integer", "required": false, "description": "Packets transmitted"}, {"max": 100, "min": 0, "name": "cpu_usage", "type": "float", "unit": "%", "required": false, "description": "CPU usage"}, {"max": 100, "min": 0, "name": "memory_usage", "type": "float", "unit": "%", "required": false, "description": "Memory usage"}]', '["telemetry", "commands", "firmware_ota", "remote_config"]', '{"offline_threshold": 180, "heartbeat_interval": 30, "telemetry_interval": 60}', '{"protocol": "mqtt"}', '{}', true, 0, '2026-02-04 20:18:31.803208+00', '2026-02-06 15:56:02.592973+00');
INSERT INTO public.device_types VALUES ('01d591da-e6ab-4edf-a7a4-44cee2d704bb', '00000000-0000-0000-0000-000000000001', 'Smart Actuator', 'Remote-controlled relay/actuator for automation', 'Generic', NULL, 'actuator', 'toggle-right', '#ef4444', '[{"name": "state", "type": "boolean", "required": true, "description": "Current relay state (on/off)"}, {"min": 0, "name": "power", "type": "float", "unit": "W", "required": false, "description": "Power consumption of connected load"}]', '["telemetry", "commands", "alerts"]', '{"offline_threshold": 600, "heartbeat_interval": 60, "telemetry_interval": 300}', '{"protocol": "mqtt"}', '{}', true, 0, '2026-02-04 20:18:31.803208+00', '2026-02-06 15:56:02.592973+00');
INSERT INTO public.device_types VALUES ('954e8017-fb73-4bdb-a139-0386ffc60c31', '00000000-0000-0000-0000-000000000001', 'Humidity Sensor', 'Migrated from legacy device_type slug: humidity_sensor', NULL, NULL, 'sensor', 'thermometer', '#10b981', '[]', '[]', '{}', '{"mqtt": {"qos": 1, "retain": false, "topic_pattern": "{{tenant_id}}/devices/{{device_id}}/telemetry"}, "protocol": "mqtt"}', '{"migrated": true, "legacy_slug": "humidity_sensor"}', true, 1, '2026-02-06 15:56:02.592973+00', '2026-02-06 15:56:02.592973+00');
INSERT INTO public.device_types VALUES ('108d2218-1b86-4858-8c5e-93dd3b9a7596', '00000000-0000-0000-0000-000000000001', 'Water Flow Sensor', 'Migrated from legacy device_type slug: water_flow_sensor', NULL, NULL, 'sensor', 'thermometer', '#10b981', '[]', '[]', '{}', '{"mqtt": {"qos": 1, "retain": false, "topic_pattern": "{{tenant_id}}/devices/{{device_id}}/telemetry"}, "protocol": "mqtt"}', '{"migrated": true, "legacy_slug": "water_flow_sensor"}', true, 4, '2026-02-06 15:56:02.592973+00', '2026-02-06 18:27:05.498006+00');
INSERT INTO public.device_types VALUES ('f3c8fb8a-cf17-41fe-8481-e7a0c8797e0e', '00000000-0000-0000-0000-000000000001', 'Energy Meter', 'Migrated from legacy device_type slug: energy_meter', NULL, NULL, 'meter', 'thermometer', '#10b981', '[]', '[]', '{}', '{"mqtt": {"qos": 1, "retain": false, "topic_pattern": "{{tenant_id}}/devices/{{device_id}}/telemetry"}, "protocol": "mqtt"}', '{"migrated": true, "legacy_slug": "energy_meter"}', true, 3, '2026-02-06 15:56:02.592973+00', '2026-02-06 18:27:05.498006+00');
INSERT INTO public.device_types VALUES ('2f10b03f-22b6-4e2b-ba1b-5dc4cf18d235', '00000000-0000-0000-0000-000000000001', 'GPS Tracker', 'Asset tracking device with GPS and motion sensors', 'Generic', NULL, 'tracker', 'map-pin', '#8b5cf6', '[{"name": "latitude", "type": "float", "unit": "°", "required": true, "description": "GPS latitude"}, {"name": "longitude", "type": "float", "unit": "°", "required": true, "description": "GPS longitude"}, {"name": "altitude", "type": "float", "unit": "m", "required": false, "description": "Altitude above sea level"}, {"min": 0, "name": "speed", "type": "float", "unit": "km/h", "required": false, "description": "Current speed"}, {"max": 100, "min": 0, "name": "battery", "type": "integer", "unit": "%", "required": false, "description": "Battery level"}]', '["telemetry", "location", "alerts", "firmware_ota"]', '{"offline_threshold": 1800, "heartbeat_interval": 120, "telemetry_interval": 600}', '{"protocol": "lorawan", "lorawan_class": "A"}', '{}', true, 2, '2026-02-04 20:18:31.803208+00', '2026-02-06 18:27:05.498006+00');
INSERT INTO public.device_types VALUES ('efca3ac8-6a70-4e24-a3f9-c7c9b2657ab2', '00000000-0000-0000-0000-000000000001', 'Temperature Sensor', 'Migrated from legacy device_type slug: temperature_sensor', NULL, NULL, 'sensor', 'thermometer', '#10b981', '[]', '[]', '{}', '{"mqtt": {"qos": 1, "retain": false, "topic_pattern": "{{tenant_id}}/devices/{{device_id}}/telemetry"}, "protocol": "mqtt"}', '{"migrated": true, "legacy_slug": "temperature_sensor"}', true, 4, '2026-02-06 15:56:02.592973+00', '2026-02-06 18:27:05.498006+00');


--
-- Data for Name: devices; Type: TABLE DATA; Schema: public; Owner: -
--

INSERT INTO public.devices VALUES ('00000000-0000-0000-0000-000000000100', '00000000-0000-0000-0000-000000000001', 'Demo Temperature Sensor', 'temperature_sensor', NULL, NULL, 'offline', '2026-02-04 20:38:21.68818+00', 92.6489536536248, -65, '{"gateway": "gateway-001", "latitude": -25.7479, "location": "Lab", "longitude": 28.2293}', '2026-02-04 20:17:19.380394+00', '2026-02-06 15:56:02.592973+00', NULL, NULL, NULL, NULL, false, 'efca3ac8-6a70-4e24-a3f9-c7c9b2657ab2');
INSERT INTO public.devices VALUES ('6943fcf4-e1e5-4b20-a6dd-3c29d44fbb76', '00000000-0000-0000-0000-000000000001', 'Water Flow Meter #1', 'water_flow_sensor', NULL, NULL, 'online', '2026-02-04 20:51:07.956139+00', 87.48507495713585, -62, '{"floor": "1", "latitude": -26.2041, "location": "Building A", "longitude": 28.0473}', '2026-02-04 20:58:50.487286+00', '2026-02-06 15:56:02.592973+00', NULL, NULL, NULL, NULL, false, '108d2218-1b86-4858-8c5e-93dd3b9a7596');
INSERT INTO public.devices VALUES ('b63280b6-74bc-4a9d-86df-af9614c43b14', '00000000-0000-0000-0000-000000000001', 'Water Flow Meter #2', 'water_flow_sensor', NULL, NULL, 'online', '2026-02-04 21:09:21.580267+00', 95.2135758934875, -53, '{"floor": "2", "latitude": -25.7461, "location": "Building B", "longitude": 28.1881}', '2026-02-04 20:58:50.487286+00', '2026-02-06 15:56:02.592973+00', NULL, NULL, NULL, NULL, false, '108d2218-1b86-4858-8c5e-93dd3b9a7596');
INSERT INTO public.devices VALUES ('8ac8e0fb-c585-471e-9cd2-310758713f6e', '00000000-0000-0000-0000-000000000001', 'Temperature Sensor #1', 'temperature_sensor', NULL, NULL, 'online', '2026-02-04 19:34:09.631899+00', 87.34470372131541, -70, '{"floor": "3", "latitude": -26.1076, "location": "Server Room", "longitude": 28.0567}', '2026-02-04 20:58:50.487286+00', '2026-02-06 15:56:02.592973+00', NULL, NULL, NULL, NULL, false, 'efca3ac8-6a70-4e24-a3f9-c7c9b2657ab2');
INSERT INTO public.devices VALUES ('a3435420-aa64-4f0d-9feb-f6baa7deee58', '00000000-0000-0000-0000-000000000001', 'Humidity Sensor #1', 'humidity_sensor', NULL, NULL, 'online', '2026-02-04 21:13:23.184424+00', 96.81545919125618, -58, '{"zone": "A", "latitude": -25.9692, "location": "Warehouse", "longitude": 28.1122}', '2026-02-04 20:58:50.487286+00', '2026-02-06 15:56:02.592973+00', NULL, NULL, NULL, NULL, false, '954e8017-fb73-4bdb-a139-0386ffc60c31');
INSERT INTO public.devices VALUES ('109b9f4f-fb96-4d0a-a50c-72807e996c6c', '00000000-0000-0000-0000-000000000001', 'Energy Meter #1', 'energy_meter', NULL, NULL, 'online', '2026-02-04 20:44:33.669566+00', 93.47171321313053, -55, '{"circuit": "A1", "latitude": -25.8125, "location": "Main Panel", "longitude": 28.2456}', '2026-02-04 20:58:50.487286+00', '2026-02-06 15:56:02.592973+00', NULL, NULL, NULL, NULL, false, 'f3c8fb8a-cf17-41fe-8481-e7a0c8797e0e');
INSERT INTO public.devices VALUES ('40000000-0000-0000-0000-000000000001', '00000000-0000-0000-0000-000000000001', 'JHB-WM-001 Braamfontein', NULL, NULL, NULL, 'online', '2026-02-06 18:22:05.498006+00', NULL, NULL, '{"latitude": -26.1929, "longitude": 28.0336, "installation_date": "2024-01-15"}', '2026-02-06 18:27:05.498006+00', '2026-02-06 18:27:05.498006+00', '10000000-0000-0000-0000-000000000004', '20000000-0000-0000-0000-000000000002', '30000000-0000-0000-0000-000000000005', NULL, false, '108d2218-1b86-4858-8c5e-93dd3b9a7596');
INSERT INTO public.devices VALUES ('40000000-0000-0000-0000-000000000002', '00000000-0000-0000-0000-000000000001', 'JHB-WM-002 Sandton', NULL, NULL, NULL, 'online', '2026-02-06 18:24:05.498006+00', NULL, NULL, '{"latitude": -26.1076, "longitude": 28.0567, "installation_date": "2024-02-20"}', '2026-02-06 18:27:05.498006+00', '2026-02-06 18:27:05.498006+00', '10000000-0000-0000-0000-000000000004', '20000000-0000-0000-0000-000000000002', '30000000-0000-0000-0000-000000000005', NULL, false, '108d2218-1b86-4858-8c5e-93dd3b9a7596');
INSERT INTO public.devices VALUES ('40000000-0000-0000-0000-000000000003', '00000000-0000-0000-0000-000000000001', 'Lethabo-EM-001', NULL, NULL, NULL, 'online', '2026-02-06 18:25:05.498006+00', NULL, NULL, '{"voltage": "132kV", "latitude": -26.7833, "longitude": 27.9167}', '2026-02-06 18:27:05.498006+00', '2026-02-06 18:27:05.498006+00', '10000000-0000-0000-0000-000000000001', '20000000-0000-0000-0000-000000000001', '30000000-0000-0000-0000-000000000001', NULL, false, 'f3c8fb8a-cf17-41fe-8481-e7a0c8797e0e');
INSERT INTO public.devices VALUES ('40000000-0000-0000-0000-000000000004', '00000000-0000-0000-0000-000000000001', 'Lethabo-EM-002', NULL, NULL, NULL, 'online', '2026-02-06 18:23:05.498006+00', NULL, NULL, '{"voltage": "132kV", "latitude": -26.7840, "longitude": 27.9180}', '2026-02-06 18:27:05.498006+00', '2026-02-06 18:27:05.498006+00', '10000000-0000-0000-0000-000000000001', '20000000-0000-0000-0000-000000000001', '30000000-0000-0000-0000-000000000001', NULL, false, 'f3c8fb8a-cf17-41fe-8481-e7a0c8797e0e');
INSERT INTO public.devices VALUES ('40000000-0000-0000-0000-000000000005', '00000000-0000-0000-0000-000000000001', 'Truck-GPS-001 JHB-DBN Route', NULL, NULL, NULL, 'online', '2026-02-06 18:26:05.498006+00', NULL, NULL, '{"latitude": -26.2708, "longitude": 28.0714, "vehicle_type": "freight_truck"}', '2026-02-06 18:27:05.498006+00', '2026-02-06 18:27:05.498006+00', '10000000-0000-0000-0000-000000000005', '20000000-0000-0000-0000-000000000003', '30000000-0000-0000-0000-000000000004', NULL, false, '2f10b03f-22b6-4e2b-ba1b-5dc4cf18d235');
INSERT INTO public.devices VALUES ('40000000-0000-0000-0000-000000000006', '00000000-0000-0000-0000-000000000001', 'Truck-GPS-002 Durban Port', NULL, NULL, NULL, 'online', '2026-02-06 18:21:05.498006+00', NULL, NULL, '{"latitude": -29.8674, "longitude": 31.0429, "vehicle_type": "freight_truck"}', '2026-02-06 18:27:05.498006+00', '2026-02-06 18:27:05.498006+00', '10000000-0000-0000-0000-000000000005', '20000000-0000-0000-0000-000000000006', '30000000-0000-0000-0000-000000000004', NULL, false, '2f10b03f-22b6-4e2b-ba1b-5dc4cf18d235');
INSERT INTO public.devices VALUES ('40000000-0000-0000-0000-000000000007', '00000000-0000-0000-0000-000000000001', 'CPT-ENV-001 City Centre', NULL, NULL, NULL, 'online', '2026-02-06 18:20:05.498006+00', NULL, NULL, '{"latitude": -33.9249, "longitude": 18.4241}', '2026-02-06 18:27:05.498006+00', '2026-02-06 18:27:05.498006+00', '10000000-0000-0000-0000-000000000003', '20000000-0000-0000-0000-000000000004', '30000000-0000-0000-0000-000000000003', NULL, false, '63579b72-5a15-40b0-860d-ed0c00fc161c');
INSERT INTO public.devices VALUES ('40000000-0000-0000-0000-000000000008', '00000000-0000-0000-0000-000000000001', 'CPT-ENV-002 V&A Waterfront', NULL, NULL, NULL, 'online', '2026-02-06 18:19:05.498006+00', NULL, NULL, '{"latitude": -33.9067, "longitude": 18.4233}', '2026-02-06 18:27:05.498006+00', '2026-02-06 18:27:05.498006+00', '10000000-0000-0000-0000-000000000003', '20000000-0000-0000-0000-000000000005', '30000000-0000-0000-0000-000000000003', NULL, false, '63579b72-5a15-40b0-860d-ed0c00fc161c');
INSERT INTO public.devices VALUES ('40000000-0000-0000-0000-000000000009', '00000000-0000-0000-0000-000000000001', 'Rietvlei-TEMP-001', NULL, NULL, NULL, 'online', '2026-02-06 18:24:05.498006+00', NULL, NULL, '{"zone": "inlet", "latitude": -25.8853, "longitude": 28.2683}', '2026-02-06 18:27:05.498006+00', '2026-02-06 18:27:05.498006+00', '10000000-0000-0000-0000-000000000002', '20000000-0000-0000-0000-000000000007', '30000000-0000-0000-0000-000000000002', NULL, false, 'efca3ac8-6a70-4e24-a3f9-c7c9b2657ab2');
INSERT INTO public.devices VALUES ('40000000-0000-0000-0000-000000000010', '00000000-0000-0000-0000-000000000001', 'Rietvlei-TEMP-002', NULL, NULL, NULL, 'online', '2026-02-06 18:25:05.498006+00', NULL, NULL, '{"zone": "outlet", "latitude": -25.8860, "longitude": 28.2690}', '2026-02-06 18:27:05.498006+00', '2026-02-06 18:27:05.498006+00', '10000000-0000-0000-0000-000000000002', '20000000-0000-0000-0000-000000000007', '30000000-0000-0000-0000-000000000002', NULL, false, 'efca3ac8-6a70-4e24-a3f9-c7c9b2657ab2');


--
-- Data for Name: telemetry_hot; Type: TABLE DATA; Schema: public; Owner: -
--

INSERT INTO public.telemetry_hot VALUES ('00598a15-89d1-4838-9f28-97e286192bf2', '00000000-0000-0000-0000-000000000001', '6943fcf4-e1e5-4b20-a6dd-3c29d44fbb76', 18.65678525300915, NULL, 3.3133092727621625, NULL, NULL, '{"velocity": 2.1137122429001436, "flow_rate": 12.320466378922575}', '2026-02-04 20:58:52.187121+00', '2026-02-04 20:58:52.187121+00');
INSERT INTO public.telemetry_hot VALUES ('18b11541-5351-4c3e-ba24-47c3d6e39758', '00000000-0000-0000-0000-000000000001', '6943fcf4-e1e5-4b20-a6dd-3c29d44fbb76', 18.738488215391296, NULL, 3.058092888545776, NULL, NULL, '{"velocity": 2.8539281139478403, "flow_rate": 12.441340028260926}', '2026-02-04 20:57:52.187121+00', '2026-02-04 20:57:52.187121+00');
INSERT INTO public.telemetry_hot VALUES ('ccc5dccf-54d4-49db-9c04-0a99e7947994', '00000000-0000-0000-0000-000000000001', '6943fcf4-e1e5-4b20-a6dd-3c29d44fbb76', 19.262432115848362, NULL, 3.4873303640077906, NULL, NULL, '{"velocity": 2.8078193770677045, "flow_rate": 14.040106928550967}', '2026-02-04 20:56:52.187121+00', '2026-02-04 20:56:52.187121+00');
INSERT INTO public.telemetry_hot VALUES ('56778d38-3a8b-4fc1-8592-ace7e5ed075c', '00000000-0000-0000-0000-000000000001', '6943fcf4-e1e5-4b20-a6dd-3c29d44fbb76', 18.090793743897912, NULL, 3.1157464442867306, NULL, NULL, '{"velocity": 2.788244432150177, "flow_rate": 13.285991605520012}', '2026-02-04 20:55:52.187121+00', '2026-02-04 20:55:52.187121+00');
INSERT INTO public.telemetry_hot VALUES ('da477dec-5b19-4d66-b6ac-e1588605ee42', '00000000-0000-0000-0000-000000000001', '6943fcf4-e1e5-4b20-a6dd-3c29d44fbb76', 18.605302749509605, NULL, 3.115515021358694, NULL, NULL, '{"velocity": 2.041948822319527, "flow_rate": 12.76039647720048}', '2026-02-04 20:54:52.187121+00', '2026-02-04 20:54:52.187121+00');
INSERT INTO public.telemetry_hot VALUES ('fc46c87b-16d6-4928-b784-4212f7d5d8d5', '00000000-0000-0000-0000-000000000001', '6943fcf4-e1e5-4b20-a6dd-3c29d44fbb76', 19.453922845656198, NULL, 3.339627805029731, NULL, NULL, '{"velocity": 2.6979414829097053, "flow_rate": 10.853314348283792}', '2026-02-04 20:53:52.187121+00', '2026-02-04 20:53:52.187121+00');
INSERT INTO public.telemetry_hot VALUES ('f4cbe624-a3d8-4392-9d91-094bc611c7d7', '00000000-0000-0000-0000-000000000001', '6943fcf4-e1e5-4b20-a6dd-3c29d44fbb76', 19.71002737020806, NULL, 3.1598564259106596, NULL, NULL, '{"velocity": 2.8024840053941, "flow_rate": 14.309366219437791}', '2026-02-04 20:52:52.187121+00', '2026-02-04 20:52:52.187121+00');
INSERT INTO public.telemetry_hot VALUES ('21a64921-dd1c-45d3-a995-652f9c1248c4', '00000000-0000-0000-0000-000000000001', '6943fcf4-e1e5-4b20-a6dd-3c29d44fbb76', 19.081187689085464, NULL, 3.304897832649671, NULL, NULL, '{"velocity": 2.8811946817850114, "flow_rate": 11.532200463662523}', '2026-02-04 20:51:52.187121+00', '2026-02-04 20:51:52.187121+00');
INSERT INTO public.telemetry_hot VALUES ('9a756324-f134-4bb6-bd2e-f5a1e0c42c13', '00000000-0000-0000-0000-000000000001', '6943fcf4-e1e5-4b20-a6dd-3c29d44fbb76', 19.75135582339686, NULL, 3.4233914904987874, NULL, NULL, '{"velocity": 2.5387765783397267, "flow_rate": 11.333822226338416}', '2026-02-04 20:50:52.187121+00', '2026-02-04 20:50:52.187121+00');
INSERT INTO public.telemetry_hot VALUES ('738c517d-8060-469c-8135-2685d3d139e5', '00000000-0000-0000-0000-000000000001', '6943fcf4-e1e5-4b20-a6dd-3c29d44fbb76', 19.404295250160192, NULL, 3.0987379549181018, NULL, NULL, '{"velocity": 2.1014656077217957, "flow_rate": 10.557687232534818}', '2026-02-04 20:49:52.187121+00', '2026-02-04 20:49:52.187121+00');
INSERT INTO public.telemetry_hot VALUES ('277df387-9cd6-40cc-a3e7-296c53c38109', '00000000-0000-0000-0000-000000000001', '6943fcf4-e1e5-4b20-a6dd-3c29d44fbb76', 18.559556440974582, NULL, 3.387500413665902, NULL, NULL, '{"velocity": 2.1633314354513837, "flow_rate": 11.248785757498482}', '2026-02-04 20:48:52.187121+00', '2026-02-04 20:48:52.187121+00');
INSERT INTO public.telemetry_hot VALUES ('54d61ac6-c5fe-4e2b-8dbb-2c5f9796f665', '00000000-0000-0000-0000-000000000001', '6943fcf4-e1e5-4b20-a6dd-3c29d44fbb76', 19.552493666060563, NULL, 3.4262910448914585, NULL, NULL, '{"velocity": 2.6147939096528328, "flow_rate": 10.569047321802982}', '2026-02-04 20:47:52.187121+00', '2026-02-04 20:47:52.187121+00');
INSERT INTO public.telemetry_hot VALUES ('e83427fa-de40-4026-8120-9e41a729ddbc', '00000000-0000-0000-0000-000000000001', '6943fcf4-e1e5-4b20-a6dd-3c29d44fbb76', 18.240317438918268, NULL, 3.1615577675274267, NULL, NULL, '{"velocity": 2.3394754894008107, "flow_rate": 10.159074110573124}', '2026-02-04 20:46:52.187121+00', '2026-02-04 20:46:52.187121+00');
INSERT INTO public.telemetry_hot VALUES ('d16f833d-4665-4005-a51a-6c206f92f0d8', '00000000-0000-0000-0000-000000000001', '6943fcf4-e1e5-4b20-a6dd-3c29d44fbb76', 18.476192940651423, NULL, 3.0836505813115602, NULL, NULL, '{"velocity": 2.036113973448967, "flow_rate": 11.465991818355304}', '2026-02-04 20:45:52.187121+00', '2026-02-04 20:45:52.187121+00');
INSERT INTO public.telemetry_hot VALUES ('2332d6a0-6e43-4e91-a6cf-0e1e57851e61', '00000000-0000-0000-0000-000000000001', '6943fcf4-e1e5-4b20-a6dd-3c29d44fbb76', 18.610527688848816, NULL, 3.0345252706485417, NULL, NULL, '{"velocity": 2.0790585054647344, "flow_rate": 13.761261269214925}', '2026-02-04 20:44:52.187121+00', '2026-02-04 20:44:52.187121+00');
INSERT INTO public.telemetry_hot VALUES ('fabe3bce-434e-42d9-867e-75ba74be9fe6', '00000000-0000-0000-0000-000000000001', '6943fcf4-e1e5-4b20-a6dd-3c29d44fbb76', 19.888283118592643, NULL, 3.373630371377665, NULL, NULL, '{"velocity": 2.5727733594149056, "flow_rate": 11.037113986997193}', '2026-02-04 20:43:52.187121+00', '2026-02-04 20:43:52.187121+00');
INSERT INTO public.telemetry_hot VALUES ('29e200a9-369b-4b25-a237-9722e226b4d1', '00000000-0000-0000-0000-000000000001', '6943fcf4-e1e5-4b20-a6dd-3c29d44fbb76', 19.133269563146804, NULL, 3.41319019256979, NULL, NULL, '{"velocity": 2.1544642871001276, "flow_rate": 12.834167922088467}', '2026-02-04 20:42:52.187121+00', '2026-02-04 20:42:52.187121+00');
INSERT INTO public.telemetry_hot VALUES ('4083aff2-42ac-4d16-80e0-faf48a4a5f42', '00000000-0000-0000-0000-000000000001', '6943fcf4-e1e5-4b20-a6dd-3c29d44fbb76', 19.49888252414049, NULL, 3.263696006771851, NULL, NULL, '{"velocity": 2.5049580122176396, "flow_rate": 11.768287922349387}', '2026-02-04 20:41:52.187121+00', '2026-02-04 20:41:52.187121+00');
INSERT INTO public.telemetry_hot VALUES ('f6cfd76a-ac31-4119-9138-2018b7dc93aa', '00000000-0000-0000-0000-000000000001', '6943fcf4-e1e5-4b20-a6dd-3c29d44fbb76', 18.937348295611127, NULL, 3.381665021125796, NULL, NULL, '{"velocity": 2.577729444993866, "flow_rate": 13.82749390014127}', '2026-02-04 20:40:52.187121+00', '2026-02-04 20:40:52.187121+00');
INSERT INTO public.telemetry_hot VALUES ('90fc309e-5dba-425d-a649-ec15516f59a2', '00000000-0000-0000-0000-000000000001', '6943fcf4-e1e5-4b20-a6dd-3c29d44fbb76', 18.51308206383207, NULL, 3.2256178337252512, NULL, NULL, '{"velocity": 2.470500756536265, "flow_rate": 11.439711363380425}', '2026-02-04 20:39:52.187121+00', '2026-02-04 20:39:52.187121+00');
INSERT INTO public.telemetry_hot VALUES ('33692dcd-5599-4b5e-b80f-1560524c25bc', '00000000-0000-0000-0000-000000000001', 'b63280b6-74bc-4a9d-86df-af9614c43b14', 19.721849191757773, NULL, 3.0658010269277796, NULL, NULL, '{"velocity": 2.9019519376931227, "flow_rate": 12.276724971248676}', '2026-02-04 20:58:52.187121+00', '2026-02-04 20:58:52.187121+00');
INSERT INTO public.telemetry_hot VALUES ('b7fd1d94-d005-48ea-b957-133ee4a2e30e', '00000000-0000-0000-0000-000000000001', 'b63280b6-74bc-4a9d-86df-af9614c43b14', 18.071739647994168, NULL, 3.3755075667842056, NULL, NULL, '{"velocity": 2.059788069960276, "flow_rate": 10.359343037814497}', '2026-02-04 20:57:52.187121+00', '2026-02-04 20:57:52.187121+00');
INSERT INTO public.telemetry_hot VALUES ('1965c8fb-2a3c-4bd9-b5bc-dd1814ae6afd', '00000000-0000-0000-0000-000000000001', 'b63280b6-74bc-4a9d-86df-af9614c43b14', 19.290626722019027, NULL, 3.4234905422213595, NULL, NULL, '{"velocity": 2.520165465803486, "flow_rate": 12.225236095976232}', '2026-02-04 20:56:52.187121+00', '2026-02-04 20:56:52.187121+00');
INSERT INTO public.telemetry_hot VALUES ('1d384d86-4935-4042-9ecf-b581a7d17472', '00000000-0000-0000-0000-000000000001', 'b63280b6-74bc-4a9d-86df-af9614c43b14', 19.467357180819256, NULL, 3.386997802293363, NULL, NULL, '{"velocity": 2.5066144707217832, "flow_rate": 11.130368078947438}', '2026-02-04 20:55:52.187121+00', '2026-02-04 20:55:52.187121+00');
INSERT INTO public.telemetry_hot VALUES ('fe4eb610-dc23-477b-962a-003e545c1774', '00000000-0000-0000-0000-000000000001', 'b63280b6-74bc-4a9d-86df-af9614c43b14', 18.42233869627432, NULL, 3.0034309984300696, NULL, NULL, '{"velocity": 2.692361092631238, "flow_rate": 12.235177117421024}', '2026-02-04 20:54:52.187121+00', '2026-02-04 20:54:52.187121+00');
INSERT INTO public.telemetry_hot VALUES ('ea6b90bb-38d9-4cd7-af5b-4bf52e00a28a', '00000000-0000-0000-0000-000000000001', 'b63280b6-74bc-4a9d-86df-af9614c43b14', 19.396214787989496, NULL, 3.154414006157068, NULL, NULL, '{"velocity": 2.7978442084631117, "flow_rate": 13.102913587681812}', '2026-02-04 20:53:52.187121+00', '2026-02-04 20:53:52.187121+00');
INSERT INTO public.telemetry_hot VALUES ('f4e669c4-38b9-4006-87dd-6908c314f77d', '00000000-0000-0000-0000-000000000001', 'b63280b6-74bc-4a9d-86df-af9614c43b14', 18.260872921216308, NULL, 3.4328295963651034, NULL, NULL, '{"velocity": 2.2281271700242677, "flow_rate": 11.816332463448425}', '2026-02-04 20:52:52.187121+00', '2026-02-04 20:52:52.187121+00');
INSERT INTO public.telemetry_hot VALUES ('d8da4db2-a0f0-43b5-879b-454e70ad9bfe', '00000000-0000-0000-0000-000000000001', 'b63280b6-74bc-4a9d-86df-af9614c43b14', 18.594928746384575, NULL, 3.4495480669464547, NULL, NULL, '{"velocity": 2.9035847518756195, "flow_rate": 10.47321677532464}', '2026-02-04 20:51:52.187121+00', '2026-02-04 20:51:52.187121+00');
INSERT INTO public.telemetry_hot VALUES ('cd5f829c-43b9-40a1-8652-35487a9047fa', '00000000-0000-0000-0000-000000000001', 'b63280b6-74bc-4a9d-86df-af9614c43b14', 18.40763383426438, NULL, 3.356645674930801, NULL, NULL, '{"velocity": 2.563407079351488, "flow_rate": 11.989780114461512}', '2026-02-04 20:50:52.187121+00', '2026-02-04 20:50:52.187121+00');
INSERT INTO public.telemetry_hot VALUES ('88d7db34-868b-4369-8752-651ee12d01b3', '00000000-0000-0000-0000-000000000001', 'b63280b6-74bc-4a9d-86df-af9614c43b14', 18.99300888231796, NULL, 3.285911363297245, NULL, NULL, '{"velocity": 2.359751409699466, "flow_rate": 10.005324501908424}', '2026-02-04 20:49:52.187121+00', '2026-02-04 20:49:52.187121+00');
INSERT INTO public.telemetry_hot VALUES ('366804f3-beb1-4bcb-8904-1e23e378ee0d', '00000000-0000-0000-0000-000000000001', 'b63280b6-74bc-4a9d-86df-af9614c43b14', 18.58328641366072, NULL, 3.2011283244923328, NULL, NULL, '{"velocity": 2.576944786490073, "flow_rate": 10.13662298725735}', '2026-02-04 20:48:52.187121+00', '2026-02-04 20:48:52.187121+00');
INSERT INTO public.telemetry_hot VALUES ('c3188c6b-e858-4c4b-b78b-27dfe12bb25a', '00000000-0000-0000-0000-000000000001', 'b63280b6-74bc-4a9d-86df-af9614c43b14', 18.07433912754326, NULL, 3.1941515430602543, NULL, NULL, '{"velocity": 2.6295246094879703, "flow_rate": 14.161618003124959}', '2026-02-04 20:47:52.187121+00', '2026-02-04 20:47:52.187121+00');
INSERT INTO public.telemetry_hot VALUES ('0809912f-91e9-48d2-8bfa-e0c61aa821c6', '00000000-0000-0000-0000-000000000001', 'b63280b6-74bc-4a9d-86df-af9614c43b14', 18.597344335916286, NULL, 3.3841444431474126, NULL, NULL, '{"velocity": 2.172283261329947, "flow_rate": 13.511932941295708}', '2026-02-04 20:46:52.187121+00', '2026-02-04 20:46:52.187121+00');
INSERT INTO public.telemetry_hot VALUES ('c6652ceb-9291-4b11-aec8-01ab9264c9f4', '00000000-0000-0000-0000-000000000001', 'b63280b6-74bc-4a9d-86df-af9614c43b14', 18.946353287486552, NULL, 3.0579967994679524, NULL, NULL, '{"velocity": 2.613044147620018, "flow_rate": 11.948221457698237}', '2026-02-04 20:45:52.187121+00', '2026-02-04 20:45:52.187121+00');
INSERT INTO public.telemetry_hot VALUES ('ec2e299b-b221-4074-bf2b-49ce9754105a', '00000000-0000-0000-0000-000000000001', 'b63280b6-74bc-4a9d-86df-af9614c43b14', 18.33623550838646, NULL, 3.0567514159563385, NULL, NULL, '{"velocity": 2.110536062749647, "flow_rate": 10.95370042552856}', '2026-02-04 20:44:52.187121+00', '2026-02-04 20:44:52.187121+00');
INSERT INTO public.telemetry_hot VALUES ('725482a1-38cd-46af-9f43-8b6060297608', '00000000-0000-0000-0000-000000000001', 'b63280b6-74bc-4a9d-86df-af9614c43b14', 18.63343597106117, NULL, 3.2943312071407105, NULL, NULL, '{"velocity": 2.1327914089726008, "flow_rate": 14.49012179431794}', '2026-02-04 20:43:52.187121+00', '2026-02-04 20:43:52.187121+00');
INSERT INTO public.telemetry_hot VALUES ('76d2b623-0a9e-4bf4-8876-b39089437ec9', '00000000-0000-0000-0000-000000000001', 'b63280b6-74bc-4a9d-86df-af9614c43b14', 18.50675380460793, NULL, 3.155981876547893, NULL, NULL, '{"velocity": 2.916751453489281, "flow_rate": 14.595035574646129}', '2026-02-04 20:42:52.187121+00', '2026-02-04 20:42:52.187121+00');
INSERT INTO public.telemetry_hot VALUES ('deb9f06e-b2ae-4302-b373-c23414981461', '00000000-0000-0000-0000-000000000001', 'b63280b6-74bc-4a9d-86df-af9614c43b14', 18.499097551425514, NULL, 3.2233079371204285, NULL, NULL, '{"velocity": 2.2518969938222564, "flow_rate": 12.392055314045066}', '2026-02-04 20:41:52.187121+00', '2026-02-04 20:41:52.187121+00');
INSERT INTO public.telemetry_hot VALUES ('b7edd67c-e94c-4d2f-b223-a70da343db3d', '00000000-0000-0000-0000-000000000001', 'b63280b6-74bc-4a9d-86df-af9614c43b14', 18.99380700007019, NULL, 3.257922778397307, NULL, NULL, '{"velocity": 2.010131875693568, "flow_rate": 13.125438252681327}', '2026-02-04 20:40:52.187121+00', '2026-02-04 20:40:52.187121+00');
INSERT INTO public.telemetry_hot VALUES ('33c5e08a-ffa5-464a-80dd-451b4f4331a5', '00000000-0000-0000-0000-000000000001', 'b63280b6-74bc-4a9d-86df-af9614c43b14', 18.93476554961943, NULL, 3.4771036269099964, NULL, NULL, '{"velocity": 2.4919574250748706, "flow_rate": 12.79081074853297}', '2026-02-04 20:39:52.187121+00', '2026-02-04 20:39:52.187121+00');
INSERT INTO public.telemetry_hot VALUES ('b5b52139-7a0f-43cd-8aeb-93a11f985278', '00000000-0000-0000-0000-000000000001', '109b9f4f-fb96-4d0a-a50c-72807e996c6c', NULL, NULL, NULL, NULL, NULL, '{"power": 4538.617317653078, "current": 21.558167368880788, "voltage": 231.2008910596177, "energy_total": 12002}', '2026-02-04 20:59:08.25062+00', '2026-02-04 20:59:08.25062+00');
INSERT INTO public.telemetry_hot VALUES ('552fd4f9-b3a5-4462-8c12-47e10ff71bee', '00000000-0000-0000-0000-000000000001', '109b9f4f-fb96-4d0a-a50c-72807e996c6c', NULL, NULL, NULL, NULL, NULL, '{"power": 4590.050340149204, "current": 19.350604806913044, "voltage": 231.27083354263337, "energy_total": 12004}', '2026-02-04 20:58:08.25062+00', '2026-02-04 20:58:08.25062+00');
INSERT INTO public.telemetry_hot VALUES ('821eaea2-3d4b-4345-99f9-757e9239657c', '00000000-0000-0000-0000-000000000001', '109b9f4f-fb96-4d0a-a50c-72807e996c6c', NULL, NULL, NULL, NULL, NULL, '{"power": 4404.847426900823, "current": 17.203424945072985, "voltage": 226.2784189837354, "energy_total": 12006}', '2026-02-04 20:57:08.25062+00', '2026-02-04 20:57:08.25062+00');
INSERT INTO public.telemetry_hot VALUES ('aaa9b1d8-16ea-4c9b-86fe-d580029b360c', '00000000-0000-0000-0000-000000000001', '109b9f4f-fb96-4d0a-a50c-72807e996c6c', NULL, NULL, NULL, NULL, NULL, '{"power": 4866.361288720734, "current": 20.07775682598035, "voltage": 233.81418171213696, "energy_total": 12008}', '2026-02-04 20:56:08.25062+00', '2026-02-04 20:56:08.25062+00');
INSERT INTO public.telemetry_hot VALUES ('9a0dd2be-c775-4af8-b971-712071a6b196', '00000000-0000-0000-0000-000000000001', '109b9f4f-fb96-4d0a-a50c-72807e996c6c', NULL, NULL, NULL, NULL, NULL, '{"power": 4909.488753694638, "current": 20.160007354662405, "voltage": 228.44939066602262, "energy_total": 12010}', '2026-02-04 20:55:08.25062+00', '2026-02-04 20:55:08.25062+00');
INSERT INTO public.telemetry_hot VALUES ('478a20bf-1da6-4258-9f3c-6cf4c374afe5', '00000000-0000-0000-0000-000000000001', '109b9f4f-fb96-4d0a-a50c-72807e996c6c', NULL, NULL, NULL, NULL, NULL, '{"power": 4157.043298656888, "current": 19.34110815481959, "voltage": 226.00553874291796, "energy_total": 12012}', '2026-02-04 20:54:08.25062+00', '2026-02-04 20:54:08.25062+00');
INSERT INTO public.telemetry_hot VALUES ('f39dca8d-fd9c-4917-b130-fcce0cd20334', '00000000-0000-0000-0000-000000000001', '109b9f4f-fb96-4d0a-a50c-72807e996c6c', NULL, NULL, NULL, NULL, NULL, '{"power": 4248.442617266867, "current": 18.076326912603033, "voltage": 233.34770436270512, "energy_total": 12014}', '2026-02-04 20:53:08.25062+00', '2026-02-04 20:53:08.25062+00');
INSERT INTO public.telemetry_hot VALUES ('49c76cd3-b378-439d-943d-e905c28b6959', '00000000-0000-0000-0000-000000000001', '109b9f4f-fb96-4d0a-a50c-72807e996c6c', NULL, NULL, NULL, NULL, NULL, '{"power": 4829.995383771305, "current": 21.27589905673646, "voltage": 229.7372467703844, "energy_total": 12016}', '2026-02-04 20:52:08.25062+00', '2026-02-04 20:52:08.25062+00');
INSERT INTO public.telemetry_hot VALUES ('d9fc7d80-0fad-45f0-afbf-73b872d6315c', '00000000-0000-0000-0000-000000000001', '109b9f4f-fb96-4d0a-a50c-72807e996c6c', NULL, NULL, NULL, NULL, NULL, '{"power": 4892.265381994463, "current": 17.755571181353506, "voltage": 234.04335720978202, "energy_total": 12018}', '2026-02-04 20:51:08.25062+00', '2026-02-04 20:51:08.25062+00');
INSERT INTO public.telemetry_hot VALUES ('5bcda723-124e-4d82-b12a-e53bb2fedb64', '00000000-0000-0000-0000-000000000001', '109b9f4f-fb96-4d0a-a50c-72807e996c6c', NULL, NULL, NULL, NULL, NULL, '{"power": 4797.910253446947, "current": 18.6492674849636, "voltage": 226.80977375935444, "energy_total": 12020}', '2026-02-04 20:50:08.25062+00', '2026-02-04 20:50:08.25062+00');
INSERT INTO public.telemetry_hot VALUES ('aa2a4e89-e112-45ff-895d-e5228931a3fb', '00000000-0000-0000-0000-000000000001', '109b9f4f-fb96-4d0a-a50c-72807e996c6c', NULL, NULL, NULL, NULL, NULL, '{"power": 4068.763954512043, "current": 19.073882408651635, "voltage": 232.55739926286824, "energy_total": 12022}', '2026-02-04 20:49:08.25062+00', '2026-02-04 20:49:08.25062+00');
INSERT INTO public.telemetry_hot VALUES ('b28b46a6-ec7b-4de7-9238-2b12420373ea', '00000000-0000-0000-0000-000000000001', '109b9f4f-fb96-4d0a-a50c-72807e996c6c', NULL, NULL, NULL, NULL, NULL, '{"power": 4698.273992406236, "current": 18.298797306204882, "voltage": 234.23062708078064, "energy_total": 12024}', '2026-02-04 20:48:08.25062+00', '2026-02-04 20:48:08.25062+00');
INSERT INTO public.telemetry_hot VALUES ('ed99941d-f42e-42f5-8535-48d83d3a5b5d', '00000000-0000-0000-0000-000000000001', '109b9f4f-fb96-4d0a-a50c-72807e996c6c', NULL, NULL, NULL, NULL, NULL, '{"power": 4118.876529723013, "current": 17.57642663802171, "voltage": 230.66689303475582, "energy_total": 12026}', '2026-02-04 20:47:08.25062+00', '2026-02-04 20:47:08.25062+00');
INSERT INTO public.telemetry_hot VALUES ('cedede4f-5249-4ef6-8328-1c38d1be4501', '00000000-0000-0000-0000-000000000001', '109b9f4f-fb96-4d0a-a50c-72807e996c6c', NULL, NULL, NULL, NULL, NULL, '{"power": 4913.169533861657, "current": 21.86179466623683, "voltage": 232.17380730277114, "energy_total": 12028}', '2026-02-04 20:46:08.25062+00', '2026-02-04 20:46:08.25062+00');
INSERT INTO public.telemetry_hot VALUES ('507b85e5-5b8e-4957-b1b4-6bfe3971faf0', '00000000-0000-0000-0000-000000000001', '109b9f4f-fb96-4d0a-a50c-72807e996c6c', NULL, NULL, NULL, NULL, NULL, '{"power": 4869.749738620299, "current": 21.646056156794888, "voltage": 231.72703033492604, "energy_total": 12030}', '2026-02-04 20:45:08.25062+00', '2026-02-04 20:45:08.25062+00');
INSERT INTO public.telemetry_hot VALUES ('2d485679-e394-45bc-a4ed-5054e2cb387f', '00000000-0000-0000-0000-000000000001', '109b9f4f-fb96-4d0a-a50c-72807e996c6c', NULL, NULL, NULL, NULL, NULL, '{"power": 4098.310667187947, "current": 20.250301056816824, "voltage": 231.2036284224643, "energy_total": 12032}', '2026-02-04 20:44:08.25062+00', '2026-02-04 20:44:08.25062+00');
INSERT INTO public.telemetry_hot VALUES ('034511b5-803b-40e3-95e9-7ef2aa1b20b9', '00000000-0000-0000-0000-000000000001', '109b9f4f-fb96-4d0a-a50c-72807e996c6c', NULL, NULL, NULL, NULL, NULL, '{"power": 4506.044711044728, "current": 20.12987902514501, "voltage": 228.2776050160456, "energy_total": 12034}', '2026-02-04 20:43:08.25062+00', '2026-02-04 20:43:08.25062+00');
INSERT INTO public.telemetry_hot VALUES ('3bca0f74-94eb-4d1d-b538-a1fd42e00db6', '00000000-0000-0000-0000-000000000001', '109b9f4f-fb96-4d0a-a50c-72807e996c6c', NULL, NULL, NULL, NULL, NULL, '{"power": 4976.0707436124285, "current": 18.021467081374688, "voltage": 233.67126055613764, "energy_total": 12036}', '2026-02-04 20:42:08.25062+00', '2026-02-04 20:42:08.25062+00');
INSERT INTO public.telemetry_hot VALUES ('8a103900-53be-46a7-959e-e8cc4235ec24', '00000000-0000-0000-0000-000000000001', '109b9f4f-fb96-4d0a-a50c-72807e996c6c', NULL, NULL, NULL, NULL, NULL, '{"power": 4202.038568857172, "current": 19.10694231621146, "voltage": 225.26026395155318, "energy_total": 12038}', '2026-02-04 20:41:08.25062+00', '2026-02-04 20:41:08.25062+00');
INSERT INTO public.telemetry_hot VALUES ('a947c5f4-7f4f-488b-b522-b035a5bbc473', '00000000-0000-0000-0000-000000000001', '109b9f4f-fb96-4d0a-a50c-72807e996c6c', NULL, NULL, NULL, NULL, NULL, '{"power": 4406.641504222286, "current": 17.47410134923563, "voltage": 225.9440221491319, "energy_total": 12040}', '2026-02-04 20:40:08.25062+00', '2026-02-04 20:40:08.25062+00');
INSERT INTO public.telemetry_hot VALUES ('a9e47600-94ad-47c2-94bb-4633b81a1487', '00000000-0000-0000-0000-000000000001', '8ac8e0fb-c585-471e-9cd2-310758713f6e', 22.907450918536373, 56.674831529811904, NULL, NULL, NULL, '{}', '2026-02-04 20:59:08.232468+00', '2026-02-04 20:59:08.232468+00');
INSERT INTO public.telemetry_hot VALUES ('ed9eb193-ac8c-40aa-92d0-0d5195d08865', '00000000-0000-0000-0000-000000000001', '8ac8e0fb-c585-471e-9cd2-310758713f6e', 20.39552941497192, 43.790981640315806, NULL, NULL, NULL, '{}', '2026-02-04 20:58:08.232468+00', '2026-02-04 20:58:08.232468+00');
INSERT INTO public.telemetry_hot VALUES ('a6e73996-3fcd-421d-8a0c-10f116b9ec79', '00000000-0000-0000-0000-000000000001', '8ac8e0fb-c585-471e-9cd2-310758713f6e', 24.98611253016026, 53.45724596463216, NULL, NULL, NULL, '{}', '2026-02-04 20:57:08.232468+00', '2026-02-04 20:57:08.232468+00');
INSERT INTO public.telemetry_hot VALUES ('61e1d737-927a-43de-a732-89692398c932', '00000000-0000-0000-0000-000000000001', '8ac8e0fb-c585-471e-9cd2-310758713f6e', 23.451853533807682, 46.821472514711346, NULL, NULL, NULL, '{}', '2026-02-04 20:56:08.232468+00', '2026-02-04 20:56:08.232468+00');
INSERT INTO public.telemetry_hot VALUES ('4698284e-6213-452e-9815-e4105306a7e5', '00000000-0000-0000-0000-000000000001', '8ac8e0fb-c585-471e-9cd2-310758713f6e', 24.181855486665125, 48.362943947509365, NULL, NULL, NULL, '{}', '2026-02-04 20:55:08.232468+00', '2026-02-04 20:55:08.232468+00');
INSERT INTO public.telemetry_hot VALUES ('6935ae9a-6baa-4816-9b6e-be00c3af1893', '00000000-0000-0000-0000-000000000001', '8ac8e0fb-c585-471e-9cd2-310758713f6e', 21.077239180065142, 48.03559284700883, NULL, NULL, NULL, '{}', '2026-02-04 20:54:08.232468+00', '2026-02-04 20:54:08.232468+00');
INSERT INTO public.telemetry_hot VALUES ('e50bb99d-9203-476a-987b-28153f674c59', '00000000-0000-0000-0000-000000000001', '8ac8e0fb-c585-471e-9cd2-310758713f6e', 21.139819067120342, 52.11271786611196, NULL, NULL, NULL, '{}', '2026-02-04 20:53:08.232468+00', '2026-02-04 20:53:08.232468+00');
INSERT INTO public.telemetry_hot VALUES ('d578c676-6b4b-4847-ae1f-ec21cf476012', '00000000-0000-0000-0000-000000000001', '8ac8e0fb-c585-471e-9cd2-310758713f6e', 21.345202926045125, 49.04262800188317, NULL, NULL, NULL, '{}', '2026-02-04 20:52:08.232468+00', '2026-02-04 20:52:08.232468+00');
INSERT INTO public.telemetry_hot VALUES ('764a7cd4-e3b0-46f8-9b4e-c18cec8468ce', '00000000-0000-0000-0000-000000000001', '8ac8e0fb-c585-471e-9cd2-310758713f6e', 21.390383701846535, 54.227654847038856, NULL, NULL, NULL, '{}', '2026-02-04 20:51:08.232468+00', '2026-02-04 20:51:08.232468+00');
INSERT INTO public.telemetry_hot VALUES ('889981f0-26de-426f-897a-6714a99ec1b8', '00000000-0000-0000-0000-000000000001', '8ac8e0fb-c585-471e-9cd2-310758713f6e', 22.822535164680144, 45.47974798656266, NULL, NULL, NULL, '{}', '2026-02-04 20:50:08.232468+00', '2026-02-04 20:50:08.232468+00');
INSERT INTO public.telemetry_hot VALUES ('4308cc6b-7247-4dac-b54f-86424a6b5194', '00000000-0000-0000-0000-000000000001', '8ac8e0fb-c585-471e-9cd2-310758713f6e', 24.86768338548219, 40.66488044952996, NULL, NULL, NULL, '{}', '2026-02-04 20:49:08.232468+00', '2026-02-04 20:49:08.232468+00');
INSERT INTO public.telemetry_hot VALUES ('c06206a2-8320-461b-b3b5-c2d872b02f2a', '00000000-0000-0000-0000-000000000001', '8ac8e0fb-c585-471e-9cd2-310758713f6e', 20.01535121198149, 56.47009493753366, NULL, NULL, NULL, '{}', '2026-02-04 20:48:08.232468+00', '2026-02-04 20:48:08.232468+00');
INSERT INTO public.telemetry_hot VALUES ('b0a6d0d3-8368-4dfa-ab7e-a5aa46dba316', '00000000-0000-0000-0000-000000000001', '8ac8e0fb-c585-471e-9cd2-310758713f6e', 23.263914996754785, 54.41464237944457, NULL, NULL, NULL, '{}', '2026-02-04 20:47:08.232468+00', '2026-02-04 20:47:08.232468+00');
INSERT INTO public.telemetry_hot VALUES ('e71a1b95-a760-4a12-b78a-550fdc308317', '00000000-0000-0000-0000-000000000001', '8ac8e0fb-c585-471e-9cd2-310758713f6e', 20.20540875851619, 45.16345725596819, NULL, NULL, NULL, '{}', '2026-02-04 20:46:08.232468+00', '2026-02-04 20:46:08.232468+00');
INSERT INTO public.telemetry_hot VALUES ('701b8527-3a6b-4965-9b58-13d33507e29f', '00000000-0000-0000-0000-000000000001', '8ac8e0fb-c585-471e-9cd2-310758713f6e', 20.806066297170894, 48.076406520387266, NULL, NULL, NULL, '{}', '2026-02-04 20:45:08.232468+00', '2026-02-04 20:45:08.232468+00');
INSERT INTO public.telemetry_hot VALUES ('3f1dca70-aa5f-4842-85d0-e1ea25c9e8bb', '00000000-0000-0000-0000-000000000001', '8ac8e0fb-c585-471e-9cd2-310758713f6e', 24.074288741037183, 49.26172289938493, NULL, NULL, NULL, '{}', '2026-02-04 20:44:08.232468+00', '2026-02-04 20:44:08.232468+00');
INSERT INTO public.telemetry_hot VALUES ('bc98d69f-0c80-4890-944c-5eb73f8fba3b', '00000000-0000-0000-0000-000000000001', '8ac8e0fb-c585-471e-9cd2-310758713f6e', 22.49063490496752, 50.85724137247638, NULL, NULL, NULL, '{}', '2026-02-04 20:43:08.232468+00', '2026-02-04 20:43:08.232468+00');
INSERT INTO public.telemetry_hot VALUES ('ba81c48f-3ab2-4df2-ab71-1b7b267e4151', '00000000-0000-0000-0000-000000000001', '8ac8e0fb-c585-471e-9cd2-310758713f6e', 20.153002297816435, 55.05345083351337, NULL, NULL, NULL, '{}', '2026-02-04 20:42:08.232468+00', '2026-02-04 20:42:08.232468+00');
INSERT INTO public.telemetry_hot VALUES ('e5e9d7c6-6226-4a15-9401-a949462c575f', '00000000-0000-0000-0000-000000000001', '8ac8e0fb-c585-471e-9cd2-310758713f6e', 21.2968175154684, 48.124371881629905, NULL, NULL, NULL, '{}', '2026-02-04 20:41:08.232468+00', '2026-02-04 20:41:08.232468+00');
INSERT INTO public.telemetry_hot VALUES ('e679e950-5948-400d-80b7-93a0ab367053', '00000000-0000-0000-0000-000000000001', '8ac8e0fb-c585-471e-9cd2-310758713f6e', 23.919972802480405, 43.977132062090845, NULL, NULL, NULL, '{}', '2026-02-04 20:40:08.232468+00', '2026-02-04 20:40:08.232468+00');
INSERT INTO public.telemetry_hot VALUES ('cbb6f58f-9dbd-41c2-a010-a79734a46210', '00000000-0000-0000-0000-000000000001', 'a3435420-aa64-4f0d-9feb-f6baa7deee58', 22.545625291974456, 69.16593364746794, NULL, NULL, NULL, '{}', '2026-02-04 20:59:08.24736+00', '2026-02-04 20:59:08.24736+00');
INSERT INTO public.telemetry_hot VALUES ('1490a1c4-c2d2-4e8a-a526-ff3503ed0584', '00000000-0000-0000-0000-000000000001', 'a3435420-aa64-4f0d-9feb-f6baa7deee58', 20.937548221705928, 67.65266227795674, NULL, NULL, NULL, '{}', '2026-02-04 20:58:08.24736+00', '2026-02-04 20:58:08.24736+00');
INSERT INTO public.telemetry_hot VALUES ('390513b6-1919-4fdd-8a77-8bd6cd1c0311', '00000000-0000-0000-0000-000000000001', 'a3435420-aa64-4f0d-9feb-f6baa7deee58', 20.39803937320464, 68.41343741330459, NULL, NULL, NULL, '{}', '2026-02-04 20:57:08.24736+00', '2026-02-04 20:57:08.24736+00');
INSERT INTO public.telemetry_hot VALUES ('836bdf3e-8816-434d-8648-475472a2b73c', '00000000-0000-0000-0000-000000000001', 'a3435420-aa64-4f0d-9feb-f6baa7deee58', 20.952417265120616, 61.10039084447612, NULL, NULL, NULL, '{}', '2026-02-04 20:56:08.24736+00', '2026-02-04 20:56:08.24736+00');
INSERT INTO public.telemetry_hot VALUES ('00fe4ecc-d4f0-4ef6-82f3-3572bfdb7822', '00000000-0000-0000-0000-000000000001', 'a3435420-aa64-4f0d-9feb-f6baa7deee58', 20.12226875093207, 60.245399789790795, NULL, NULL, NULL, '{}', '2026-02-04 20:55:08.24736+00', '2026-02-04 20:55:08.24736+00');
INSERT INTO public.telemetry_hot VALUES ('cd2e21d5-30a5-45b5-b3af-a85d2cb39f21', '00000000-0000-0000-0000-000000000001', 'a3435420-aa64-4f0d-9feb-f6baa7deee58', 21.792318762005603, 66.44931589049376, NULL, NULL, NULL, '{}', '2026-02-04 20:54:08.24736+00', '2026-02-04 20:54:08.24736+00');
INSERT INTO public.telemetry_hot VALUES ('4a25e7b1-adfc-4d9c-9165-705010fd1d85', '00000000-0000-0000-0000-000000000001', 'a3435420-aa64-4f0d-9feb-f6baa7deee58', 22.383914843339156, 62.13934388781537, NULL, NULL, NULL, '{}', '2026-02-04 20:53:08.24736+00', '2026-02-04 20:53:08.24736+00');
INSERT INTO public.telemetry_hot VALUES ('da077dac-d248-41f8-9389-5ebebcbb8460', '00000000-0000-0000-0000-000000000001', 'a3435420-aa64-4f0d-9feb-f6baa7deee58', 21.337678551523872, 62.843017605165066, NULL, NULL, NULL, '{}', '2026-02-04 20:52:08.24736+00', '2026-02-04 20:52:08.24736+00');
INSERT INTO public.telemetry_hot VALUES ('49b98488-a024-4090-9a6a-0d9527d5a593', '00000000-0000-0000-0000-000000000001', 'a3435420-aa64-4f0d-9feb-f6baa7deee58', 20.3535327373599, 69.96958379703102, NULL, NULL, NULL, '{}', '2026-02-04 20:51:08.24736+00', '2026-02-04 20:51:08.24736+00');
INSERT INTO public.telemetry_hot VALUES ('29800b65-6a2f-4694-8f40-d21eb5eb4c31', '00000000-0000-0000-0000-000000000001', 'a3435420-aa64-4f0d-9feb-f6baa7deee58', 21.60261550154937, 67.93493747802297, NULL, NULL, NULL, '{}', '2026-02-04 20:50:08.24736+00', '2026-02-04 20:50:08.24736+00');
INSERT INTO public.telemetry_hot VALUES ('44277ac4-8c38-4d67-812d-5830579fa7fa', '00000000-0000-0000-0000-000000000001', 'a3435420-aa64-4f0d-9feb-f6baa7deee58', 20.48548695831581, 67.31818299572092, NULL, NULL, NULL, '{}', '2026-02-04 20:49:08.24736+00', '2026-02-04 20:49:08.24736+00');
INSERT INTO public.telemetry_hot VALUES ('7f48be88-21b6-4cb4-80ab-5073722240be', '00000000-0000-0000-0000-000000000001', 'a3435420-aa64-4f0d-9feb-f6baa7deee58', 22.041630918890633, 64.96042630101007, NULL, NULL, NULL, '{}', '2026-02-04 20:48:08.24736+00', '2026-02-04 20:48:08.24736+00');
INSERT INTO public.telemetry_hot VALUES ('188da307-5864-4d97-8c2a-cf16d356ce28', '00000000-0000-0000-0000-000000000001', 'a3435420-aa64-4f0d-9feb-f6baa7deee58', 20.640729707004766, 65.14353962977859, NULL, NULL, NULL, '{}', '2026-02-04 20:47:08.24736+00', '2026-02-04 20:47:08.24736+00');
INSERT INTO public.telemetry_hot VALUES ('39bd68a5-eff9-4ffd-8dab-2c560a237074', '00000000-0000-0000-0000-000000000001', 'a3435420-aa64-4f0d-9feb-f6baa7deee58', 21.630023921999634, 67.97871244730945, NULL, NULL, NULL, '{}', '2026-02-04 20:46:08.24736+00', '2026-02-04 20:46:08.24736+00');
INSERT INTO public.telemetry_hot VALUES ('f73fa928-cf25-4173-bf45-35ed12ccaa38', '00000000-0000-0000-0000-000000000001', 'a3435420-aa64-4f0d-9feb-f6baa7deee58', 22.73179542539092, 60.89299052030722, NULL, NULL, NULL, '{}', '2026-02-04 20:45:08.24736+00', '2026-02-04 20:45:08.24736+00');
INSERT INTO public.telemetry_hot VALUES ('359ccd95-b755-4191-9cb4-4407e1ecc6f1', '00000000-0000-0000-0000-000000000001', 'a3435420-aa64-4f0d-9feb-f6baa7deee58', 21.65801384781485, 64.2171431771873, NULL, NULL, NULL, '{}', '2026-02-04 20:44:08.24736+00', '2026-02-04 20:44:08.24736+00');
INSERT INTO public.telemetry_hot VALUES ('5b343875-e6fd-4150-9a15-0fab12a9d084', '00000000-0000-0000-0000-000000000001', 'a3435420-aa64-4f0d-9feb-f6baa7deee58', 20.538840081376005, 67.84079834719545, NULL, NULL, NULL, '{}', '2026-02-04 20:43:08.24736+00', '2026-02-04 20:43:08.24736+00');
INSERT INTO public.telemetry_hot VALUES ('9c614296-31a6-4ad1-b7bf-25faa514ae1c', '00000000-0000-0000-0000-000000000001', 'a3435420-aa64-4f0d-9feb-f6baa7deee58', 20.513220691513244, 61.98409227382402, NULL, NULL, NULL, '{}', '2026-02-04 20:42:08.24736+00', '2026-02-04 20:42:08.24736+00');
INSERT INTO public.telemetry_hot VALUES ('f3a3ee65-bd0b-49ea-84f0-56c8a7d16dfa', '00000000-0000-0000-0000-000000000001', 'a3435420-aa64-4f0d-9feb-f6baa7deee58', 21.85548658155515, 68.44134601093124, NULL, NULL, NULL, '{}', '2026-02-04 20:41:08.24736+00', '2026-02-04 20:41:08.24736+00');
INSERT INTO public.telemetry_hot VALUES ('72918dbf-bd4c-4a33-a3a3-743a118e3dab', '00000000-0000-0000-0000-000000000001', 'a3435420-aa64-4f0d-9feb-f6baa7deee58', 20.89578801094312, 67.57953954941738, NULL, NULL, NULL, '{}', '2026-02-04 20:40:08.24736+00', '2026-02-04 20:40:08.24736+00');
INSERT INTO public.telemetry_hot VALUES ('cf7e926d-b165-4ce3-a083-e7bbaaa48b97', '00000000-0000-0000-0000-000000000001', '8ac8e0fb-c585-471e-9cd2-310758713f6e', 25.5, 65.2, NULL, NULL, NULL, '{}', '2026-02-06 10:26:45.408438+00', '2026-02-06 10:26:45.408438+00');
INSERT INTO public.telemetry_hot VALUES ('e752ca1c-cfcf-4301-a3f0-fcc0f05e81d4', '00000000-0000-0000-0000-000000000001', 'a3435420-aa64-4f0d-9feb-f6baa7deee58', 23.1, 72.8, NULL, NULL, NULL, '{}', '2026-02-06 10:26:45.408438+00', '2026-02-06 10:26:45.408438+00');
INSERT INTO public.telemetry_hot VALUES ('26466e6b-78ae-4c5e-8c09-fadaf8bf4b76', '00000000-0000-0000-0000-000000000001', '6943fcf4-e1e5-4b20-a6dd-3c29d44fbb76', 20.3, 55, NULL, NULL, NULL, '{"flow_rate": 12.5}', '2026-02-06 10:26:45.408438+00', '2026-02-06 10:26:45.408438+00');
INSERT INTO public.telemetry_hot VALUES ('e978417d-b671-426f-8eee-f3f958ae688e', '00000000-0000-0000-0000-000000000001', '40000000-0000-0000-0000-000000000001', 29.549302412709288, NULL, 302.70591008472144, NULL, NULL, '{"quality": "good", "flow_rate": 91.65, "turbidity": 2.01}', '2026-02-06 17:55:53.205782+00', '2026-02-06 18:27:05.519852+00');
INSERT INTO public.telemetry_hot VALUES ('60be0881-f1ec-4588-9cbd-37fc04d681b3', '00000000-0000-0000-0000-000000000001', '40000000-0000-0000-0000-000000000002', 29.49391624036442, NULL, 351.5843108195139, NULL, NULL, '{"quality": "good", "flow_rate": 73.70, "turbidity": 2.17}', '2026-02-06 14:03:34.079096+00', '2026-02-06 18:27:05.519852+00');
INSERT INTO public.telemetry_hot VALUES ('0e769a12-fab3-48f9-9bdb-70e02911f4d4', '00000000-0000-0000-0000-000000000001', '40000000-0000-0000-0000-000000000009', 28.01373485658044, NULL, 368.165424936111, NULL, NULL, '{"quality": "good", "flow_rate": 181.92, "turbidity": 2.98}', '2026-02-06 18:12:49.269994+00', '2026-02-06 18:27:05.519852+00');
INSERT INTO public.telemetry_hot VALUES ('419c266e-7cef-43f1-a009-7185e1c280c2', '00000000-0000-0000-0000-000000000001', '40000000-0000-0000-0000-000000000010', 22.41783010934261, NULL, 350.0587530664296, NULL, NULL, '{"quality": "good", "flow_rate": 117.77, "turbidity": 3.91}', '2026-02-06 16:36:32.728143+00', '2026-02-06 18:27:05.519852+00');
INSERT INTO public.telemetry_hot VALUES ('c391f9f0-dc62-454a-8c49-b3d0239412bd', '00000000-0000-0000-0000-000000000001', '40000000-0000-0000-0000-000000000001', 22.40298886408852, NULL, 391.6698105716863, NULL, NULL, '{"quality": "good", "flow_rate": 99.38, "turbidity": 1.50}', '2026-02-06 11:25:20.53428+00', '2026-02-06 18:27:05.519852+00');
INSERT INTO public.telemetry_hot VALUES ('a32fe8ae-90b8-47ae-a54d-d70023d148be', '00000000-0000-0000-0000-000000000001', '40000000-0000-0000-0000-000000000002', 24.59866288874358, NULL, 333.69302407736546, NULL, NULL, '{"quality": "good", "flow_rate": 153.59, "turbidity": 4.63}', '2026-02-05 23:31:01.847533+00', '2026-02-06 18:27:05.519852+00');
INSERT INTO public.telemetry_hot VALUES ('d45ca1f8-c871-4d5d-90b0-24049fabd946', '00000000-0000-0000-0000-000000000001', '40000000-0000-0000-0000-000000000009', 30.821753738395707, NULL, 310.16617726324324, NULL, NULL, '{"quality": "good", "flow_rate": 84.43, "turbidity": 4.07}', '2026-02-06 16:44:11.275962+00', '2026-02-06 18:27:05.519852+00');
INSERT INTO public.telemetry_hot VALUES ('eccfe4e6-e2a8-4837-b90b-b52836d12036', '00000000-0000-0000-0000-000000000001', '40000000-0000-0000-0000-000000000010', 24.781562672350443, NULL, 319.2998329979328, NULL, NULL, '{"quality": "good", "flow_rate": 76.95, "turbidity": 4.75}', '2026-02-06 11:20:20.756633+00', '2026-02-06 18:27:05.519852+00');
INSERT INTO public.telemetry_hot VALUES ('dfb3589d-9958-4275-9bf2-a50ba90cc210', '00000000-0000-0000-0000-000000000001', '40000000-0000-0000-0000-000000000001', 33.05409111368252, NULL, 384.2364416533628, NULL, NULL, '{"quality": "good", "flow_rate": 176.90, "turbidity": 0.79}', '2026-02-06 17:54:35.637844+00', '2026-02-06 18:27:05.519852+00');
INSERT INTO public.telemetry_hot VALUES ('591834bc-8ceb-49a4-a218-adea1c5606d5', '00000000-0000-0000-0000-000000000001', '40000000-0000-0000-0000-000000000002', 21.886936583445483, NULL, 351.2852645481714, NULL, NULL, '{"quality": "good", "flow_rate": 181.90, "turbidity": 4.62}', '2026-02-06 15:56:38.267868+00', '2026-02-06 18:27:05.519852+00');
INSERT INTO public.telemetry_hot VALUES ('418386b4-948e-4b8c-91fb-9bcd89500764', '00000000-0000-0000-0000-000000000001', '40000000-0000-0000-0000-000000000009', 29.900544866003145, NULL, 353.8397903059432, NULL, NULL, '{"quality": "good", "flow_rate": 197.35, "turbidity": 3.19}', '2026-02-06 13:04:48.141612+00', '2026-02-06 18:27:05.519852+00');
INSERT INTO public.telemetry_hot VALUES ('ca2b9cc7-3bbe-40e2-b542-fba663d2dbf6', '00000000-0000-0000-0000-000000000001', '40000000-0000-0000-0000-000000000010', 24.317109925385378, NULL, 368.55068545227505, NULL, NULL, '{"quality": "good", "flow_rate": 115.75, "turbidity": 2.11}', '2026-02-06 16:55:32.063855+00', '2026-02-06 18:27:05.519852+00');
INSERT INTO public.telemetry_hot VALUES ('0c4c5f90-92ab-4386-8ffc-c1568cc2c724', '00000000-0000-0000-0000-000000000001', '40000000-0000-0000-0000-000000000001', 20.01476470076484, NULL, 301.36105647984874, NULL, NULL, '{"quality": "good", "flow_rate": 190.18, "turbidity": 2.56}', '2026-02-06 09:02:29.347899+00', '2026-02-06 18:27:05.519852+00');
INSERT INTO public.telemetry_hot VALUES ('1ac0ac9b-ae80-4089-8320-e781f3f7936e', '00000000-0000-0000-0000-000000000001', '40000000-0000-0000-0000-000000000002', 28.260220805659845, NULL, 323.0848673710718, NULL, NULL, '{"quality": "good", "flow_rate": 129.69, "turbidity": 1.82}', '2026-02-06 14:12:44.492245+00', '2026-02-06 18:27:05.519852+00');
INSERT INTO public.telemetry_hot VALUES ('82c1347b-1f7c-4d19-9486-5a44d0ab53ca', '00000000-0000-0000-0000-000000000001', '40000000-0000-0000-0000-000000000009', 30.6138425015044, NULL, 316.03297075591894, NULL, NULL, '{"quality": "good", "flow_rate": 80.66, "turbidity": 4.50}', '2026-02-06 01:52:14.684785+00', '2026-02-06 18:27:05.519852+00');
INSERT INTO public.telemetry_hot VALUES ('67041b7e-2a8c-4d23-9156-acd2043a9816', '00000000-0000-0000-0000-000000000001', '40000000-0000-0000-0000-000000000010', 33.47337643409385, NULL, 366.2754712558844, NULL, NULL, '{"quality": "good", "flow_rate": 166.31, "turbidity": 0.52}', '2026-02-05 22:47:10.791239+00', '2026-02-06 18:27:05.519852+00');
INSERT INTO public.telemetry_hot VALUES ('83cfe2f6-81c6-46ef-855a-9b863babab43', '00000000-0000-0000-0000-000000000001', '40000000-0000-0000-0000-000000000001', 20.578275064996333, NULL, 321.75255986764654, NULL, NULL, '{"quality": "good", "flow_rate": 161.36, "turbidity": 1.24}', '2026-02-06 02:19:25.871692+00', '2026-02-06 18:27:05.519852+00');
INSERT INTO public.telemetry_hot VALUES ('0a80166c-20d2-42f1-838d-a559df2bb345', '00000000-0000-0000-0000-000000000001', '40000000-0000-0000-0000-000000000002', 30.362214155557254, NULL, 309.72969275557574, NULL, NULL, '{"quality": "good", "flow_rate": 113.88, "turbidity": 1.55}', '2026-02-06 14:27:37.045068+00', '2026-02-06 18:27:05.519852+00');
INSERT INTO public.telemetry_hot VALUES ('e434878e-710c-422f-bcd7-4f2e4c0d5b65', '00000000-0000-0000-0000-000000000001', '40000000-0000-0000-0000-000000000009', 34.50571455732388, NULL, 338.55539854627756, NULL, NULL, '{"quality": "good", "flow_rate": 101.22, "turbidity": 4.72}', '2026-02-06 02:11:53.736221+00', '2026-02-06 18:27:05.519852+00');
INSERT INTO public.telemetry_hot VALUES ('71ea53c7-9089-487f-85dd-a2ff88880086', '00000000-0000-0000-0000-000000000001', '40000000-0000-0000-0000-000000000010', 22.337661336771593, NULL, 352.8314264971446, NULL, NULL, '{"quality": "good", "flow_rate": 104.46, "turbidity": 4.06}', '2026-02-06 06:29:51.103245+00', '2026-02-06 18:27:05.519852+00');
INSERT INTO public.telemetry_hot VALUES ('c09c487a-f436-43a8-ab9d-0add45f7e048', '00000000-0000-0000-0000-000000000001', '40000000-0000-0000-0000-000000000001', 33.05471104141141, NULL, 309.5742473322968, NULL, NULL, '{"quality": "good", "flow_rate": 167.25, "turbidity": 1.70}', '2026-02-06 10:03:39.416087+00', '2026-02-06 18:27:05.519852+00');
INSERT INTO public.telemetry_hot VALUES ('5a68567a-0369-4aa4-bee4-ffb6190ca4ce', '00000000-0000-0000-0000-000000000001', '40000000-0000-0000-0000-000000000002', 21.371380431448223, NULL, 378.02099356551355, NULL, NULL, '{"quality": "good", "flow_rate": 73.14, "turbidity": 1.10}', '2026-02-06 17:56:08.188087+00', '2026-02-06 18:27:05.519852+00');
INSERT INTO public.telemetry_hot VALUES ('fee03f50-fd0d-49d7-8503-4e8c2acf1980', '00000000-0000-0000-0000-000000000001', '40000000-0000-0000-0000-000000000009', 34.300243653158724, NULL, 366.29538557914367, NULL, NULL, '{"quality": "good", "flow_rate": 89.81, "turbidity": 2.15}', '2026-02-06 09:31:46.236225+00', '2026-02-06 18:27:05.519852+00');
INSERT INTO public.telemetry_hot VALUES ('93327793-d0bd-497c-92cc-49bb33c14016', '00000000-0000-0000-0000-000000000001', '40000000-0000-0000-0000-000000000010', 29.331700891399823, NULL, 304.7287305707926, NULL, NULL, '{"quality": "good", "flow_rate": 159.15, "turbidity": 3.69}', '2026-02-06 11:01:33.673951+00', '2026-02-06 18:27:05.519852+00');
INSERT INTO public.telemetry_hot VALUES ('6a696695-2130-4f8a-b480-d864d211e615', '00000000-0000-0000-0000-000000000001', '40000000-0000-0000-0000-000000000001', 34.07126692888951, NULL, 369.2486058472995, NULL, NULL, '{"quality": "good", "flow_rate": 174.23, "turbidity": 2.87}', '2026-02-06 03:56:44.409437+00', '2026-02-06 18:27:05.519852+00');
INSERT INTO public.telemetry_hot VALUES ('b0deb77c-f4fc-4177-bad1-330cc22d1c58', '00000000-0000-0000-0000-000000000001', '40000000-0000-0000-0000-000000000002', 27.475822133017996, NULL, 353.6010228202177, NULL, NULL, '{"quality": "good", "flow_rate": 102.51, "turbidity": 4.12}', '2026-02-05 20:31:58.133636+00', '2026-02-06 18:27:05.519852+00');
INSERT INTO public.telemetry_hot VALUES ('42756dfa-a838-4c83-ad06-659945eee12f', '00000000-0000-0000-0000-000000000001', '40000000-0000-0000-0000-000000000009', 30.64292794404151, NULL, 398.92457927033286, NULL, NULL, '{"quality": "good", "flow_rate": 85.80, "turbidity": 1.24}', '2026-02-06 03:41:45.835096+00', '2026-02-06 18:27:05.519852+00');
INSERT INTO public.telemetry_hot VALUES ('222a45ee-9970-47bc-86c9-eba2400c72bd', '00000000-0000-0000-0000-000000000001', '40000000-0000-0000-0000-000000000010', 28.889721680842953, NULL, 305.3128011243684, NULL, NULL, '{"quality": "good", "flow_rate": 189.18, "turbidity": 0.43}', '2026-02-05 23:27:59.741804+00', '2026-02-06 18:27:05.519852+00');
INSERT INTO public.telemetry_hot VALUES ('9db41bf0-021f-4ff6-941a-d409b266cec7', '00000000-0000-0000-0000-000000000001', '40000000-0000-0000-0000-000000000001', 22.31975909454541, NULL, 394.0178465604278, NULL, NULL, '{"quality": "good", "flow_rate": 176.88, "turbidity": 2.36}', '2026-02-06 06:32:32.73218+00', '2026-02-06 18:27:05.519852+00');
INSERT INTO public.telemetry_hot VALUES ('f8ab213b-3fa9-47eb-af64-95c2e9079401', '00000000-0000-0000-0000-000000000001', '40000000-0000-0000-0000-000000000002', 22.233716904206556, NULL, 363.66543497366416, NULL, NULL, '{"quality": "good", "flow_rate": 198.41, "turbidity": 3.96}', '2026-02-06 12:53:17.717332+00', '2026-02-06 18:27:05.519852+00');
INSERT INTO public.telemetry_hot VALUES ('6cc18afc-870c-4317-b106-f49d5afffc70', '00000000-0000-0000-0000-000000000001', '40000000-0000-0000-0000-000000000009', 20.04668785450339, NULL, 334.35613844848325, NULL, NULL, '{"quality": "good", "flow_rate": 88.93, "turbidity": 2.60}', '2026-02-06 09:19:12.35558+00', '2026-02-06 18:27:05.519852+00');
INSERT INTO public.telemetry_hot VALUES ('59690446-d5eb-441e-b11f-c0b65b998297', '00000000-0000-0000-0000-000000000001', '40000000-0000-0000-0000-000000000010', 21.65601446451357, NULL, 331.2554170317329, NULL, NULL, '{"quality": "good", "flow_rate": 51.36, "turbidity": 0.62}', '2026-02-06 06:22:34.307203+00', '2026-02-06 18:27:05.519852+00');
INSERT INTO public.telemetry_hot VALUES ('8319510b-72aa-4ade-b335-14f182ad6475', '00000000-0000-0000-0000-000000000001', '40000000-0000-0000-0000-000000000001', 30.88211112590351, NULL, 342.2086717724919, NULL, NULL, '{"quality": "good", "flow_rate": 61.61, "turbidity": 0.73}', '2026-02-06 06:25:44.256895+00', '2026-02-06 18:27:05.519852+00');
INSERT INTO public.telemetry_hot VALUES ('5ca28310-80f7-4ff4-ac0f-df96eb1c2518', '00000000-0000-0000-0000-000000000001', '40000000-0000-0000-0000-000000000002', 27.15737935469096, NULL, 322.81889862022643, NULL, NULL, '{"quality": "good", "flow_rate": 76.54, "turbidity": 2.11}', '2026-02-06 17:09:01.542868+00', '2026-02-06 18:27:05.519852+00');
INSERT INTO public.telemetry_hot VALUES ('fc700635-a36d-4b70-9129-e807a4642102', '00000000-0000-0000-0000-000000000001', '40000000-0000-0000-0000-000000000009', 23.081821650365686, NULL, 324.2626494695622, NULL, NULL, '{"quality": "good", "flow_rate": 102.24, "turbidity": 2.43}', '2026-02-06 15:25:07.436691+00', '2026-02-06 18:27:05.519852+00');
INSERT INTO public.telemetry_hot VALUES ('f47ae982-df71-48ec-8e68-53e439701af6', '00000000-0000-0000-0000-000000000001', '40000000-0000-0000-0000-000000000010', 34.14513841149473, NULL, 363.02008476169794, NULL, NULL, '{"quality": "good", "flow_rate": 126.07, "turbidity": 1.61}', '2026-02-06 09:51:25.800614+00', '2026-02-06 18:27:05.519852+00');
INSERT INTO public.telemetry_hot VALUES ('b78643ef-09ec-4df3-bf38-60c712b7621b', '00000000-0000-0000-0000-000000000001', '40000000-0000-0000-0000-000000000001', 22.84646349221856, NULL, 301.54844964762555, NULL, NULL, '{"quality": "good", "flow_rate": 155.04, "turbidity": 0.86}', '2026-02-05 21:23:42.892053+00', '2026-02-06 18:27:05.519852+00');
INSERT INTO public.telemetry_hot VALUES ('169c8c91-4d4f-4393-ab42-8b762c2a8909', '00000000-0000-0000-0000-000000000001', '40000000-0000-0000-0000-000000000002', 26.833068361246212, NULL, 389.8822999478254, NULL, NULL, '{"quality": "good", "flow_rate": 115.52, "turbidity": 1.50}', '2026-02-06 03:22:48.667571+00', '2026-02-06 18:27:05.519852+00');
INSERT INTO public.telemetry_hot VALUES ('eb223981-4201-4432-b2ca-6b8c2b440b18', '00000000-0000-0000-0000-000000000001', '40000000-0000-0000-0000-000000000009', 22.973769543384343, NULL, 375.14328172558737, NULL, NULL, '{"quality": "good", "flow_rate": 145.36, "turbidity": 0.77}', '2026-02-05 19:34:56.924714+00', '2026-02-06 18:27:05.519852+00');
INSERT INTO public.telemetry_hot VALUES ('c29933aa-4b5f-47f4-9b0e-8996f258133c', '00000000-0000-0000-0000-000000000001', '40000000-0000-0000-0000-000000000010', 32.69930058113508, NULL, 374.55810132662145, NULL, NULL, '{"quality": "good", "flow_rate": 172.60, "turbidity": 3.32}', '2026-02-06 11:27:21.85938+00', '2026-02-06 18:27:05.519852+00');
INSERT INTO public.telemetry_hot VALUES ('493d1c55-0445-47d6-9793-c20397cc9540', '00000000-0000-0000-0000-000000000001', '40000000-0000-0000-0000-000000000001', 27.13855252668493, NULL, 349.28044050126215, NULL, NULL, '{"quality": "good", "flow_rate": 178.30, "turbidity": 3.61}', '2026-02-06 17:26:09.75119+00', '2026-02-06 18:27:05.519852+00');
INSERT INTO public.telemetry_hot VALUES ('9a5bd78b-bd16-4133-b0c0-3da3d647548c', '00000000-0000-0000-0000-000000000001', '40000000-0000-0000-0000-000000000002', 23.97339812272715, NULL, 393.3071325497481, NULL, NULL, '{"quality": "good", "flow_rate": 156.89, "turbidity": 3.97}', '2026-02-06 00:37:49.188142+00', '2026-02-06 18:27:05.519852+00');
INSERT INTO public.telemetry_hot VALUES ('0d1aeb1b-4ad7-49fd-847a-5b5879bcf60e', '00000000-0000-0000-0000-000000000001', '40000000-0000-0000-0000-000000000009', 23.530599430983358, NULL, 316.16255040103357, NULL, NULL, '{"quality": "good", "flow_rate": 102.47, "turbidity": 0.23}', '2026-02-06 11:22:56.727045+00', '2026-02-06 18:27:05.519852+00');
INSERT INTO public.telemetry_hot VALUES ('86fc2c90-1216-4d2d-8e70-74411ff3ff4e', '00000000-0000-0000-0000-000000000001', '40000000-0000-0000-0000-000000000010', 28.329400231124566, NULL, 343.9259319406127, NULL, NULL, '{"quality": "good", "flow_rate": 131.88, "turbidity": 0.03}', '2026-02-06 04:12:12.471666+00', '2026-02-06 18:27:05.519852+00');
INSERT INTO public.telemetry_hot VALUES ('87a8656d-f6cb-4c4e-be91-531341596112', '00000000-0000-0000-0000-000000000001', '40000000-0000-0000-0000-000000000001', 30.58156814242377, NULL, 369.2573310696213, NULL, NULL, '{"quality": "good", "flow_rate": 53.79, "turbidity": 2.00}', '2026-02-05 20:33:18.4107+00', '2026-02-06 18:27:05.519852+00');
INSERT INTO public.telemetry_hot VALUES ('f4fcadb5-4203-4a04-9950-fea52af50d25', '00000000-0000-0000-0000-000000000001', '40000000-0000-0000-0000-000000000002', 26.515674283959548, NULL, 398.70140617473123, NULL, NULL, '{"quality": "good", "flow_rate": 177.69, "turbidity": 3.15}', '2026-02-06 04:23:42.53537+00', '2026-02-06 18:27:05.519852+00');
INSERT INTO public.telemetry_hot VALUES ('4c5cc9f0-3b17-46b8-ac30-ebfb5b811a2a', '00000000-0000-0000-0000-000000000001', '40000000-0000-0000-0000-000000000009', 20.362223868416287, NULL, 343.9175199683214, NULL, NULL, '{"quality": "good", "flow_rate": 130.78, "turbidity": 1.96}', '2026-02-05 23:49:23.17998+00', '2026-02-06 18:27:05.519852+00');
INSERT INTO public.telemetry_hot VALUES ('b1a405e1-9c9d-4d04-94c7-b60f199ad437', '00000000-0000-0000-0000-000000000001', '40000000-0000-0000-0000-000000000010', 22.102342820037478, NULL, 354.28299820981516, NULL, NULL, '{"quality": "good", "flow_rate": 89.09, "turbidity": 4.33}', '2026-02-06 04:50:10.15523+00', '2026-02-06 18:27:05.519852+00');
INSERT INTO public.telemetry_hot VALUES ('1d8648e2-b0c4-4325-8799-4493bb5702df', '00000000-0000-0000-0000-000000000001', '40000000-0000-0000-0000-000000000001', 25.560241645881426, NULL, 324.7081005869636, NULL, NULL, '{"quality": "good", "flow_rate": 62.79, "turbidity": 0.95}', '2026-02-06 03:55:58.620689+00', '2026-02-06 18:27:05.519852+00');
INSERT INTO public.telemetry_hot VALUES ('8c3c6d1a-72c2-4d34-9b1f-1ddbf833377e', '00000000-0000-0000-0000-000000000001', '40000000-0000-0000-0000-000000000002', 31.215695543653023, NULL, 309.7281441970003, NULL, NULL, '{"quality": "good", "flow_rate": 81.59, "turbidity": 2.33}', '2026-02-05 20:38:56.302061+00', '2026-02-06 18:27:05.519852+00');
INSERT INTO public.telemetry_hot VALUES ('559e8770-8429-4447-8820-6b57762628de', '00000000-0000-0000-0000-000000000001', '40000000-0000-0000-0000-000000000009', 25.61693824159513, NULL, 318.57017334736986, NULL, NULL, '{"quality": "good", "flow_rate": 108.41, "turbidity": 0.53}', '2026-02-06 00:30:17.807925+00', '2026-02-06 18:27:05.519852+00');
INSERT INTO public.telemetry_hot VALUES ('44693f7e-07f2-46b9-a8c2-fbd1049120d7', '00000000-0000-0000-0000-000000000001', '40000000-0000-0000-0000-000000000010', 34.57386583025686, NULL, 323.0118425047777, NULL, NULL, '{"quality": "good", "flow_rate": 72.59, "turbidity": 0.18}', '2026-02-06 09:30:47.331736+00', '2026-02-06 18:27:05.519852+00');
INSERT INTO public.telemetry_hot VALUES ('df9b7352-3dbe-454c-b983-3e231d2b3b47', '00000000-0000-0000-0000-000000000001', '40000000-0000-0000-0000-000000000001', 30.45745588705268, NULL, 338.41821106501095, NULL, NULL, '{"quality": "good", "flow_rate": 116.73, "turbidity": 2.26}', '2026-02-06 01:16:27.265398+00', '2026-02-06 18:27:05.519852+00');
INSERT INTO public.telemetry_hot VALUES ('e576be5f-63ed-4c44-90b9-4e1d93334697', '00000000-0000-0000-0000-000000000001', '40000000-0000-0000-0000-000000000002', 33.271063336146625, NULL, 325.6914200880504, NULL, NULL, '{"quality": "good", "flow_rate": 112.06, "turbidity": 3.17}', '2026-02-06 14:26:56.967211+00', '2026-02-06 18:27:05.519852+00');
INSERT INTO public.telemetry_hot VALUES ('6922dbc3-2b37-4d6d-b9a2-644e3c43cf52', '00000000-0000-0000-0000-000000000001', '40000000-0000-0000-0000-000000000009', 20.187010259689647, NULL, 302.3438065064666, NULL, NULL, '{"quality": "good", "flow_rate": 139.76, "turbidity": 3.80}', '2026-02-06 13:51:36.160987+00', '2026-02-06 18:27:05.519852+00');
INSERT INTO public.telemetry_hot VALUES ('0f5369de-0181-4b83-9c22-e0c721533a22', '00000000-0000-0000-0000-000000000001', '40000000-0000-0000-0000-000000000010', 33.80979774456763, NULL, 355.53405243628333, NULL, NULL, '{"quality": "good", "flow_rate": 177.12, "turbidity": 4.53}', '2026-02-06 15:47:13.657077+00', '2026-02-06 18:27:05.519852+00');
INSERT INTO public.telemetry_hot VALUES ('be81720e-8d87-49f8-ae01-7a1cb154e989', '00000000-0000-0000-0000-000000000001', '40000000-0000-0000-0000-000000000001', 22.946919639086616, NULL, 358.0599417154486, NULL, NULL, '{"quality": "good", "flow_rate": 188.79, "turbidity": 4.94}', '2026-02-05 23:06:59.170354+00', '2026-02-06 18:27:05.519852+00');
INSERT INTO public.telemetry_hot VALUES ('90443eeb-334e-4b74-a1d1-b43637bf7d06', '00000000-0000-0000-0000-000000000001', '40000000-0000-0000-0000-000000000002', 34.18843948540817, NULL, 374.80822650313144, NULL, NULL, '{"quality": "good", "flow_rate": 171.60, "turbidity": 4.34}', '2026-02-06 03:39:14.991494+00', '2026-02-06 18:27:05.519852+00');
INSERT INTO public.telemetry_hot VALUES ('b50c1361-2e7c-4315-842d-e087f2f1ab12', '00000000-0000-0000-0000-000000000001', '40000000-0000-0000-0000-000000000009', 27.34733510365332, NULL, 397.3368115245843, NULL, NULL, '{"quality": "good", "flow_rate": 152.18, "turbidity": 4.35}', '2026-02-05 23:14:10.551231+00', '2026-02-06 18:27:05.519852+00');
INSERT INTO public.telemetry_hot VALUES ('04ac6200-1147-49fb-9f4c-398c929bf6af', '00000000-0000-0000-0000-000000000001', '40000000-0000-0000-0000-000000000010', 31.97834134565029, NULL, 333.2904008047913, NULL, NULL, '{"quality": "good", "flow_rate": 166.81, "turbidity": 4.55}', '2026-02-06 09:12:19.029289+00', '2026-02-06 18:27:05.519852+00');
INSERT INTO public.telemetry_hot VALUES ('e1c00c25-ebf7-4d77-8e3b-12d72897b28e', '00000000-0000-0000-0000-000000000001', '40000000-0000-0000-0000-000000000001', 21.523463496549024, NULL, 372.9443412289925, NULL, NULL, '{"quality": "good", "flow_rate": 164.91, "turbidity": 0.90}', '2026-02-06 03:11:52.251099+00', '2026-02-06 18:27:05.519852+00');
INSERT INTO public.telemetry_hot VALUES ('a5f6b0ca-8955-4777-8000-fe0f44886efe', '00000000-0000-0000-0000-000000000001', '40000000-0000-0000-0000-000000000002', 20.549320948565537, NULL, 313.19766122861574, NULL, NULL, '{"quality": "good", "flow_rate": 70.23, "turbidity": 0.77}', '2026-02-06 04:00:26.470858+00', '2026-02-06 18:27:05.519852+00');
INSERT INTO public.telemetry_hot VALUES ('43187121-c431-4d80-bfe5-c6b1da3a3ace', '00000000-0000-0000-0000-000000000001', '40000000-0000-0000-0000-000000000009', 30.007675395635324, NULL, 345.47695461707156, NULL, NULL, '{"quality": "good", "flow_rate": 172.89, "turbidity": 4.47}', '2026-02-06 10:39:30.209939+00', '2026-02-06 18:27:05.519852+00');
INSERT INTO public.telemetry_hot VALUES ('33234604-9086-45bb-8846-a84373a67c28', '00000000-0000-0000-0000-000000000001', '40000000-0000-0000-0000-000000000010', 27.619855030644604, NULL, 383.15089535433685, NULL, NULL, '{"quality": "good", "flow_rate": 130.03, "turbidity": 3.43}', '2026-02-06 15:20:56.44935+00', '2026-02-06 18:27:05.519852+00');
INSERT INTO public.telemetry_hot VALUES ('1041db58-7e03-4bde-978c-cc91bae0f32a', '00000000-0000-0000-0000-000000000001', '40000000-0000-0000-0000-000000000001', 25.706585981710404, NULL, 326.0761794120009, NULL, NULL, '{"quality": "good", "flow_rate": 108.59, "turbidity": 4.72}', '2026-02-06 01:26:51.684671+00', '2026-02-06 18:27:05.519852+00');
INSERT INTO public.telemetry_hot VALUES ('9e5f3819-663e-4538-bd26-2c83a57618e3', '00000000-0000-0000-0000-000000000001', '40000000-0000-0000-0000-000000000002', 27.181322017096562, NULL, 359.7243705398381, NULL, NULL, '{"quality": "good", "flow_rate": 154.72, "turbidity": 0.13}', '2026-02-05 20:30:43.30226+00', '2026-02-06 18:27:05.519852+00');
INSERT INTO public.telemetry_hot VALUES ('da32a02e-c840-4db6-bca9-908c7ba30762', '00000000-0000-0000-0000-000000000001', '40000000-0000-0000-0000-000000000009', 27.83003237221959, NULL, 341.8817653607267, NULL, NULL, '{"quality": "good", "flow_rate": 111.14, "turbidity": 1.62}', '2026-02-06 01:54:32.784823+00', '2026-02-06 18:27:05.519852+00');
INSERT INTO public.telemetry_hot VALUES ('ff6651c0-5e63-4f3f-ad61-ef0d00a0e86d', '00000000-0000-0000-0000-000000000001', '40000000-0000-0000-0000-000000000010', 24.07943200157102, NULL, 322.3010424706516, NULL, NULL, '{"quality": "good", "flow_rate": 80.76, "turbidity": 1.53}', '2026-02-06 10:08:20.054256+00', '2026-02-06 18:27:05.519852+00');
INSERT INTO public.telemetry_hot VALUES ('ebac9a59-8ab2-4d5d-8adb-0be422ff0608', '00000000-0000-0000-0000-000000000001', '40000000-0000-0000-0000-000000000001', 25.02637314501554, NULL, 354.58366157025273, NULL, NULL, '{"quality": "good", "flow_rate": 189.19, "turbidity": 0.12}', '2026-02-05 21:44:58.689494+00', '2026-02-06 18:27:05.519852+00');
INSERT INTO public.telemetry_hot VALUES ('8826c25c-8a9f-4287-87f7-25617ff3c472', '00000000-0000-0000-0000-000000000001', '40000000-0000-0000-0000-000000000002', 31.832845025432142, NULL, 317.716462573155, NULL, NULL, '{"quality": "good", "flow_rate": 130.49, "turbidity": 3.40}', '2026-02-06 06:27:46.063041+00', '2026-02-06 18:27:05.519852+00');
INSERT INTO public.telemetry_hot VALUES ('38221554-dc1a-45bd-87ce-06f882ac2172', '00000000-0000-0000-0000-000000000001', '40000000-0000-0000-0000-000000000009', 25.662608738728505, NULL, 367.48482898039174, NULL, NULL, '{"quality": "good", "flow_rate": 53.22, "turbidity": 2.06}', '2026-02-05 20:48:07.340628+00', '2026-02-06 18:27:05.519852+00');
INSERT INTO public.telemetry_hot VALUES ('2fce9898-d518-4f13-97ff-914b411ec6e8', '00000000-0000-0000-0000-000000000001', '40000000-0000-0000-0000-000000000010', 26.611097574786577, NULL, 338.81612800856664, NULL, NULL, '{"quality": "good", "flow_rate": 125.16, "turbidity": 0.35}', '2026-02-05 20:44:39.661444+00', '2026-02-06 18:27:05.519852+00');
INSERT INTO public.telemetry_hot VALUES ('9d5aee1a-312e-4854-9ca2-d434450fd55a', '00000000-0000-0000-0000-000000000001', '40000000-0000-0000-0000-000000000001', 21.219896998561218, NULL, 387.69478893532664, NULL, NULL, '{"quality": "good", "flow_rate": 121.09, "turbidity": 1.04}', '2026-02-06 08:38:39.389151+00', '2026-02-06 18:27:05.519852+00');
INSERT INTO public.telemetry_hot VALUES ('a231926f-ad1a-4b83-9749-187dc3e5c0f0', '00000000-0000-0000-0000-000000000001', '40000000-0000-0000-0000-000000000002', 30.0432418338333, NULL, 397.34525014646636, NULL, NULL, '{"quality": "good", "flow_rate": 52.33, "turbidity": 1.26}', '2026-02-05 18:50:51.312666+00', '2026-02-06 18:27:05.519852+00');
INSERT INTO public.telemetry_hot VALUES ('b75343f8-8866-4aee-b0cd-716867ecaf7f', '00000000-0000-0000-0000-000000000001', '40000000-0000-0000-0000-000000000009', 29.688165210745012, NULL, 318.38069818668316, NULL, NULL, '{"quality": "good", "flow_rate": 117.89, "turbidity": 3.28}', '2026-02-06 18:21:57.907035+00', '2026-02-06 18:27:05.519852+00');
INSERT INTO public.telemetry_hot VALUES ('88a8bdda-7016-4bf9-8de5-62f57d9d154f', '00000000-0000-0000-0000-000000000001', '40000000-0000-0000-0000-000000000010', 30.530802377137846, NULL, 333.3786567716586, NULL, NULL, '{"quality": "good", "flow_rate": 109.31, "turbidity": 0.30}', '2026-02-05 18:57:47.960459+00', '2026-02-06 18:27:05.519852+00');
INSERT INTO public.telemetry_hot VALUES ('232be119-6ad2-42e6-9472-efd5165c8976', '00000000-0000-0000-0000-000000000001', '40000000-0000-0000-0000-000000000001', 32.66264426454134, NULL, 380.8078411484952, NULL, NULL, '{"quality": "good", "flow_rate": 187.87, "turbidity": 1.54}', '2026-02-06 14:47:53.131033+00', '2026-02-06 18:27:05.519852+00');
INSERT INTO public.telemetry_hot VALUES ('4baeee05-5698-430e-bc72-eb42f3b44b85', '00000000-0000-0000-0000-000000000001', '40000000-0000-0000-0000-000000000002', 25.062959712030892, NULL, 394.4276105205448, NULL, NULL, '{"quality": "good", "flow_rate": 195.30, "turbidity": 2.21}', '2026-02-06 12:40:59.834877+00', '2026-02-06 18:27:05.519852+00');
INSERT INTO public.telemetry_hot VALUES ('3bc4161b-29c6-4526-b58e-f0543b8bd61c', '00000000-0000-0000-0000-000000000001', '40000000-0000-0000-0000-000000000009', 34.629245803049145, NULL, 301.64222560099597, NULL, NULL, '{"quality": "good", "flow_rate": 194.21, "turbidity": 2.35}', '2026-02-06 00:41:05.978949+00', '2026-02-06 18:27:05.519852+00');
INSERT INTO public.telemetry_hot VALUES ('6aa4719b-03c1-4ab0-9ffd-720a42976f44', '00000000-0000-0000-0000-000000000001', '40000000-0000-0000-0000-000000000010', 31.256821689138054, NULL, 349.5343578745637, NULL, NULL, '{"quality": "good", "flow_rate": 190.03, "turbidity": 1.82}', '2026-02-06 07:31:17.432297+00', '2026-02-06 18:27:05.519852+00');
INSERT INTO public.telemetry_hot VALUES ('c6b7ab31-3ce7-438f-9a88-389fa76868f1', '00000000-0000-0000-0000-000000000001', '40000000-0000-0000-0000-000000000003', 47.25909822738316, NULL, NULL, NULL, NULL, '{"power": 10037, "current": 50.7, "voltage": 224.6, "frequency": 50, "power_factor": 0.92}', '2026-02-06 03:59:06.248685+00', '2026-02-06 18:27:05.536755+00');
INSERT INTO public.telemetry_hot VALUES ('0e24a392-538a-4a68-86e0-be6f6dfa54ff', '00000000-0000-0000-0000-000000000001', '40000000-0000-0000-0000-000000000003', 47.9174163039894, NULL, NULL, NULL, NULL, '{"power": 10018, "current": 46.9, "voltage": 229.5, "frequency": 50, "power_factor": 0.91}', '2026-02-06 16:37:47.63909+00', '2026-02-06 18:27:05.536755+00');
INSERT INTO public.telemetry_hot VALUES ('947c7cdc-c339-4051-a8a6-2182edb703fc', '00000000-0000-0000-0000-000000000001', '40000000-0000-0000-0000-000000000003', 43.21148694768234, NULL, NULL, NULL, NULL, '{"power": 10254, "current": 58.2, "voltage": 221.6, "frequency": 50, "power_factor": 0.94}', '2026-02-06 02:12:51.797772+00', '2026-02-06 18:27:05.536755+00');
INSERT INTO public.telemetry_hot VALUES ('cf3a855d-152c-4b28-ac7b-f5ef49dd7f4e', '00000000-0000-0000-0000-000000000001', '40000000-0000-0000-0000-000000000003', 44.70994043871952, NULL, NULL, NULL, NULL, '{"power": 10067, "current": 49.4, "voltage": 227.7, "frequency": 50, "power_factor": 0.91}', '2026-02-05 19:27:55.793869+00', '2026-02-06 18:27:05.536755+00');
INSERT INTO public.telemetry_hot VALUES ('74efa886-bad7-478d-9118-a3addc0726e6', '00000000-0000-0000-0000-000000000001', '40000000-0000-0000-0000-000000000003', 42.49753578182086, NULL, NULL, NULL, NULL, '{"power": 10265, "current": 51.1, "voltage": 228.2, "frequency": 50, "power_factor": 0.87}', '2026-02-06 14:41:09.510742+00', '2026-02-06 18:27:05.536755+00');
INSERT INTO public.telemetry_hot VALUES ('ce00c710-3738-40cf-abdf-7cbd8cb935d5', '00000000-0000-0000-0000-000000000001', '40000000-0000-0000-0000-000000000003', 35.539114437002425, NULL, NULL, NULL, NULL, '{"power": 9672, "current": 54.5, "voltage": 224.5, "frequency": 50, "power_factor": 0.95}', '2026-02-05 20:18:01.140603+00', '2026-02-06 18:27:05.536755+00');
INSERT INTO public.telemetry_hot VALUES ('057ef09f-7c7b-4e11-a16a-ead11219ef61', '00000000-0000-0000-0000-000000000001', '40000000-0000-0000-0000-000000000003', 49.08316775489992, NULL, NULL, NULL, NULL, '{"power": 11245, "current": 54.3, "voltage": 223.6, "frequency": 50, "power_factor": 0.87}', '2026-02-06 04:07:52.643961+00', '2026-02-06 18:27:05.536755+00');
INSERT INTO public.telemetry_hot VALUES ('751f8a7a-524a-49a9-a1a2-976685cac89c', '00000000-0000-0000-0000-000000000001', '40000000-0000-0000-0000-000000000003', 39.31383761220175, NULL, NULL, NULL, NULL, '{"power": 10785, "current": 49.5, "voltage": 223.6, "frequency": 50, "power_factor": 0.89}', '2026-02-06 10:01:12.485629+00', '2026-02-06 18:27:05.536755+00');
INSERT INTO public.telemetry_hot VALUES ('17cba9e9-cd6f-4cae-bacc-1c64aef4b6ad', '00000000-0000-0000-0000-000000000001', '40000000-0000-0000-0000-000000000003', 41.77361507439594, NULL, NULL, NULL, NULL, '{"power": 10250, "current": 46.4, "voltage": 223.2, "frequency": 50, "power_factor": 0.86}', '2026-02-06 04:55:19.618731+00', '2026-02-06 18:27:05.536755+00');
INSERT INTO public.telemetry_hot VALUES ('f5296b69-1af4-4efb-80b1-c13ae1f67010', '00000000-0000-0000-0000-000000000001', '40000000-0000-0000-0000-000000000003', 49.69113726076403, NULL, NULL, NULL, NULL, '{"power": 11356, "current": 48.0, "voltage": 221.7, "frequency": 50, "power_factor": 0.89}', '2026-02-06 09:37:31.768049+00', '2026-02-06 18:27:05.536755+00');
INSERT INTO public.telemetry_hot VALUES ('96162bd0-2f24-4f81-ab38-a04540f4c3dd', '00000000-0000-0000-0000-000000000001', '40000000-0000-0000-0000-000000000003', 35.33883742826613, NULL, NULL, NULL, NULL, '{"power": 11354, "current": 46.9, "voltage": 220.6, "frequency": 50, "power_factor": 0.86}', '2026-02-06 12:02:07.151025+00', '2026-02-06 18:27:05.536755+00');
INSERT INTO public.telemetry_hot VALUES ('a4ac1cdf-1ebc-4169-9fd5-55e6cd1b926a', '00000000-0000-0000-0000-000000000001', '40000000-0000-0000-0000-000000000003', 39.70937265930929, NULL, NULL, NULL, NULL, '{"power": 10943, "current": 49.2, "voltage": 222.3, "frequency": 50, "power_factor": 0.92}', '2026-02-06 13:43:34.820257+00', '2026-02-06 18:27:05.536755+00');
INSERT INTO public.telemetry_hot VALUES ('b9b1fefa-4dea-46c7-aea7-ffc39c1e41c5', '00000000-0000-0000-0000-000000000001', '40000000-0000-0000-0000-000000000003', 48.2012934334419, NULL, NULL, NULL, NULL, '{"power": 10064, "current": 56.1, "voltage": 227.2, "frequency": 50, "power_factor": 0.93}', '2026-02-05 23:16:26.81787+00', '2026-02-06 18:27:05.536755+00');
INSERT INTO public.telemetry_hot VALUES ('bc37a214-5586-4e0f-b5cd-bd93d1042036', '00000000-0000-0000-0000-000000000001', '40000000-0000-0000-0000-000000000003', 42.80831871249672, NULL, NULL, NULL, NULL, '{"power": 10971, "current": 56.0, "voltage": 224.2, "frequency": 50, "power_factor": 0.87}', '2026-02-06 00:21:27.790156+00', '2026-02-06 18:27:05.536755+00');
INSERT INTO public.telemetry_hot VALUES ('b073d1eb-8a02-4f5e-b2ea-66c5ef4b115d', '00000000-0000-0000-0000-000000000001', '40000000-0000-0000-0000-000000000003', 47.478595684332845, NULL, NULL, NULL, NULL, '{"power": 10568, "current": 48.0, "voltage": 228.1, "frequency": 50, "power_factor": 0.86}', '2026-02-06 07:57:31.635107+00', '2026-02-06 18:27:05.536755+00');
INSERT INTO public.telemetry_hot VALUES ('bb80488f-f654-4bf9-8bb2-8982722ea95e', '00000000-0000-0000-0000-000000000001', '40000000-0000-0000-0000-000000000003', 47.19611456859507, NULL, NULL, NULL, NULL, '{"power": 9513, "current": 49.0, "voltage": 220.6, "frequency": 50, "power_factor": 0.94}', '2026-02-06 09:44:18.61889+00', '2026-02-06 18:27:05.536755+00');
INSERT INTO public.telemetry_hot VALUES ('19e46fc5-13a8-4fde-a998-50be201b18a5', '00000000-0000-0000-0000-000000000001', '40000000-0000-0000-0000-000000000003', 39.898791252922734, NULL, NULL, NULL, NULL, '{"power": 9732, "current": 55.3, "voltage": 220.6, "frequency": 50, "power_factor": 0.91}', '2026-02-06 11:06:28.453868+00', '2026-02-06 18:27:05.536755+00');
INSERT INTO public.telemetry_hot VALUES ('10dc6ae3-25d8-443a-ba80-56c5aba31687', '00000000-0000-0000-0000-000000000001', '40000000-0000-0000-0000-000000000003', 47.389190505420785, NULL, NULL, NULL, NULL, '{"power": 10078, "current": 46.9, "voltage": 228.5, "frequency": 50, "power_factor": 0.94}', '2026-02-06 07:20:30.490793+00', '2026-02-06 18:27:05.536755+00');
INSERT INTO public.telemetry_hot VALUES ('733e1709-af73-40d7-a14f-32a2a8b37d18', '00000000-0000-0000-0000-000000000001', '40000000-0000-0000-0000-000000000003', 40.15589779418828, NULL, NULL, NULL, NULL, '{"power": 10122, "current": 49.8, "voltage": 221.7, "frequency": 50, "power_factor": 0.90}', '2026-02-06 11:45:57.397415+00', '2026-02-06 18:27:05.536755+00');
INSERT INTO public.telemetry_hot VALUES ('83dabc75-596c-4a4e-8931-e2bb8ab17e2c', '00000000-0000-0000-0000-000000000001', '40000000-0000-0000-0000-000000000003', 43.83705589865576, NULL, NULL, NULL, NULL, '{"power": 10259, "current": 56.8, "voltage": 223.7, "frequency": 50, "power_factor": 0.94}', '2026-02-05 22:39:49.671357+00', '2026-02-06 18:27:05.536755+00');
INSERT INTO public.telemetry_hot VALUES ('954d263c-a75d-4039-9038-d866de23758d', '00000000-0000-0000-0000-000000000001', '40000000-0000-0000-0000-000000000004', 42.428585677995045, NULL, NULL, NULL, NULL, '{"power": 11457, "current": 54.5, "voltage": 224.6, "frequency": 50, "power_factor": 0.94}', '2026-02-06 16:41:59.917861+00', '2026-02-06 18:27:05.536755+00');
INSERT INTO public.telemetry_hot VALUES ('ab18b92c-f974-4bfd-843e-19944d5ecdb3', '00000000-0000-0000-0000-000000000001', '40000000-0000-0000-0000-000000000004', 43.00852475845693, NULL, NULL, NULL, NULL, '{"power": 10300, "current": 56.9, "voltage": 223.1, "frequency": 50, "power_factor": 0.94}', '2026-02-06 15:12:31.139648+00', '2026-02-06 18:27:05.536755+00');
INSERT INTO public.telemetry_hot VALUES ('9a4de5c9-b886-4954-87d9-92c84a082546', '00000000-0000-0000-0000-000000000001', '40000000-0000-0000-0000-000000000004', 36.69366424794236, NULL, NULL, NULL, NULL, '{"power": 10898, "current": 56.8, "voltage": 221.9, "frequency": 50, "power_factor": 0.92}', '2026-02-05 22:00:38.180274+00', '2026-02-06 18:27:05.536755+00');
INSERT INTO public.telemetry_hot VALUES ('b025b2cb-cfad-41b4-91c6-40e532e89d8f', '00000000-0000-0000-0000-000000000001', '40000000-0000-0000-0000-000000000004', 41.43547345111872, NULL, NULL, NULL, NULL, '{"power": 9813, "current": 52.3, "voltage": 223.1, "frequency": 50, "power_factor": 0.86}', '2026-02-06 16:45:26.785877+00', '2026-02-06 18:27:05.536755+00');
INSERT INTO public.telemetry_hot VALUES ('2bf3cb8b-73ea-4ddc-9150-87c97a3bb1ab', '00000000-0000-0000-0000-000000000001', '40000000-0000-0000-0000-000000000004', 36.17948852811931, NULL, NULL, NULL, NULL, '{"power": 10176, "current": 54.8, "voltage": 220.5, "frequency": 50, "power_factor": 0.94}', '2026-02-05 20:12:12.826893+00', '2026-02-06 18:27:05.536755+00');
INSERT INTO public.telemetry_hot VALUES ('47d8fb98-ba09-4a52-bcad-c8cb8ea446f7', '00000000-0000-0000-0000-000000000001', '40000000-0000-0000-0000-000000000004', 44.87324617417929, NULL, NULL, NULL, NULL, '{"power": 11402, "current": 54.7, "voltage": 223.5, "frequency": 50, "power_factor": 0.93}', '2026-02-05 23:01:34.494762+00', '2026-02-06 18:27:05.536755+00');
INSERT INTO public.telemetry_hot VALUES ('52f2214b-4d47-43b5-85b1-f65c6a0c79ab', '00000000-0000-0000-0000-000000000001', '40000000-0000-0000-0000-000000000004', 38.68566777167753, NULL, NULL, NULL, NULL, '{"power": 11198, "current": 46.1, "voltage": 221.3, "frequency": 50, "power_factor": 0.91}', '2026-02-06 14:35:59.557319+00', '2026-02-06 18:27:05.536755+00');
INSERT INTO public.telemetry_hot VALUES ('5a199031-9691-409b-a16d-2cc7f5038440', '00000000-0000-0000-0000-000000000001', '40000000-0000-0000-0000-000000000004', 43.164538641224084, NULL, NULL, NULL, NULL, '{"power": 10471, "current": 55.0, "voltage": 221.3, "frequency": 50, "power_factor": 0.89}', '2026-02-06 14:27:48.008477+00', '2026-02-06 18:27:05.536755+00');
INSERT INTO public.telemetry_hot VALUES ('0e892ce0-7675-48a2-9437-ea0db67b10a7', '00000000-0000-0000-0000-000000000001', '40000000-0000-0000-0000-000000000004', 39.86803186756665, NULL, NULL, NULL, NULL, '{"power": 10977, "current": 50.5, "voltage": 222.0, "frequency": 50, "power_factor": 0.86}', '2026-02-06 09:03:38.145817+00', '2026-02-06 18:27:05.536755+00');
INSERT INTO public.telemetry_hot VALUES ('71798473-6458-46bb-b39b-d80b01c0e605', '00000000-0000-0000-0000-000000000001', '40000000-0000-0000-0000-000000000004', 48.387658718848634, NULL, NULL, NULL, NULL, '{"power": 10600, "current": 56.6, "voltage": 222.1, "frequency": 50, "power_factor": 0.89}', '2026-02-05 21:39:33.51755+00', '2026-02-06 18:27:05.536755+00');
INSERT INTO public.telemetry_hot VALUES ('754e0eeb-da98-4537-836d-f031890100b0', '00000000-0000-0000-0000-000000000001', '40000000-0000-0000-0000-000000000004', 41.04616104608971, NULL, NULL, NULL, NULL, '{"power": 11110, "current": 49.0, "voltage": 229.9, "frequency": 50, "power_factor": 0.90}', '2026-02-05 19:59:18.780872+00', '2026-02-06 18:27:05.536755+00');
INSERT INTO public.telemetry_hot VALUES ('20b35e4b-d7f4-4b3d-840c-3f276cfa1b38', '00000000-0000-0000-0000-000000000001', '40000000-0000-0000-0000-000000000004', 42.514500074459946, NULL, NULL, NULL, NULL, '{"power": 9513, "current": 52.2, "voltage": 225.4, "frequency": 50, "power_factor": 0.86}', '2026-02-06 17:53:25.369012+00', '2026-02-06 18:27:05.536755+00');
INSERT INTO public.telemetry_hot VALUES ('23d029c5-5898-4268-a20f-8dad5e38fdd1', '00000000-0000-0000-0000-000000000001', '40000000-0000-0000-0000-000000000004', 46.39909557382654, NULL, NULL, NULL, NULL, '{"power": 10727, "current": 54.4, "voltage": 227.2, "frequency": 50, "power_factor": 0.91}', '2026-02-06 08:36:59.944712+00', '2026-02-06 18:27:05.536755+00');
INSERT INTO public.telemetry_hot VALUES ('00c7334f-afcb-4902-b939-f894044bf489', '00000000-0000-0000-0000-000000000001', '40000000-0000-0000-0000-000000000004', 40.002989034856014, NULL, NULL, NULL, NULL, '{"power": 11210, "current": 57.5, "voltage": 226.8, "frequency": 50, "power_factor": 0.91}', '2026-02-06 18:12:29.746129+00', '2026-02-06 18:27:05.536755+00');
INSERT INTO public.telemetry_hot VALUES ('7c9f739a-2135-421b-8be2-654405b691bd', '00000000-0000-0000-0000-000000000001', '40000000-0000-0000-0000-000000000004', 38.237607243106496, NULL, NULL, NULL, NULL, '{"power": 10784, "current": 51.0, "voltage": 221.2, "frequency": 50, "power_factor": 0.87}', '2026-02-06 07:13:49.931499+00', '2026-02-06 18:27:05.536755+00');
INSERT INTO public.telemetry_hot VALUES ('e4979d73-bcd1-4eee-8f79-f4fd082750ca', '00000000-0000-0000-0000-000000000001', '40000000-0000-0000-0000-000000000004', 47.50936558684993, NULL, NULL, NULL, NULL, '{"power": 10241, "current": 49.0, "voltage": 226.1, "frequency": 50, "power_factor": 0.90}', '2026-02-05 21:46:20.910509+00', '2026-02-06 18:27:05.536755+00');
INSERT INTO public.telemetry_hot VALUES ('3c6fe5f2-3c95-4dd7-91f6-ea2bd09ee967', '00000000-0000-0000-0000-000000000001', '40000000-0000-0000-0000-000000000004', 44.056127476329486, NULL, NULL, NULL, NULL, '{"power": 9936, "current": 49.6, "voltage": 221.2, "frequency": 50, "power_factor": 0.88}', '2026-02-06 04:00:50.175409+00', '2026-02-06 18:27:05.536755+00');
INSERT INTO public.telemetry_hot VALUES ('8efed494-e17e-46ce-ac1b-1e37bba3c2e8', '00000000-0000-0000-0000-000000000001', '40000000-0000-0000-0000-000000000004', 40.15238463979393, NULL, NULL, NULL, NULL, '{"power": 9710, "current": 57.0, "voltage": 224.2, "frequency": 50, "power_factor": 0.85}', '2026-02-06 10:51:49.973644+00', '2026-02-06 18:27:05.536755+00');
INSERT INTO public.telemetry_hot VALUES ('95aeb218-89b6-4bef-b703-11e1f32a45de', '00000000-0000-0000-0000-000000000001', '40000000-0000-0000-0000-000000000004', 38.322946603379144, NULL, NULL, NULL, NULL, '{"power": 10335, "current": 57.8, "voltage": 228.3, "frequency": 50, "power_factor": 0.92}', '2026-02-05 23:56:01.424815+00', '2026-02-06 18:27:05.536755+00');
INSERT INTO public.telemetry_hot VALUES ('b5ca571d-315e-4755-b9e9-91f50e0bd70d', '00000000-0000-0000-0000-000000000001', '40000000-0000-0000-0000-000000000004', 48.355524557002774, NULL, NULL, NULL, NULL, '{"power": 9773, "current": 54.2, "voltage": 224.3, "frequency": 50, "power_factor": 0.94}', '2026-02-06 06:17:07.784271+00', '2026-02-06 18:27:05.536755+00');
INSERT INTO public.telemetry_hot VALUES ('182f7fe3-1aec-4117-a43e-1ee43925574c', '00000000-0000-0000-0000-000000000001', '40000000-0000-0000-0000-000000000005', NULL, NULL, NULL, NULL, NULL, '{"speed": 84.0, "heading": 350, "ignition": true, "latitude": -26.2708, "longitude": 28.0714}', '2026-02-06 18:27:05.544201+00', '2026-02-06 18:27:05.544201+00');
INSERT INTO public.telemetry_hot VALUES ('309ac3b1-f24c-4e6d-a84b-ab09f2eb4fc5', '00000000-0000-0000-0000-000000000001', '40000000-0000-0000-0000-000000000005', NULL, NULL, NULL, NULL, NULL, '{"speed": 99.7, "heading": 28, "ignition": true, "latitude": -26.2608, "longitude": 28.081400000000002}', '2026-02-06 18:22:05.544201+00', '2026-02-06 18:27:05.544201+00');
INSERT INTO public.telemetry_hot VALUES ('c0bbe03d-8039-4211-b775-f10c2bb5ebd5', '00000000-0000-0000-0000-000000000001', '40000000-0000-0000-0000-000000000005', NULL, NULL, NULL, NULL, NULL, '{"speed": 87.8, "heading": 18, "ignition": true, "latitude": -26.2508, "longitude": 28.0914}', '2026-02-06 18:17:05.544201+00', '2026-02-06 18:27:05.544201+00');
INSERT INTO public.telemetry_hot VALUES ('6ea85e7b-7d58-4569-9090-79a394eb27a1', '00000000-0000-0000-0000-000000000001', '40000000-0000-0000-0000-000000000005', NULL, NULL, NULL, NULL, NULL, '{"speed": 63.2, "heading": 187, "ignition": true, "latitude": -26.2408, "longitude": 28.1014}', '2026-02-06 18:12:05.544201+00', '2026-02-06 18:27:05.544201+00');
INSERT INTO public.telemetry_hot VALUES ('7b72723f-69d4-432e-a70f-195cca132c5b', '00000000-0000-0000-0000-000000000001', '40000000-0000-0000-0000-000000000005', NULL, NULL, NULL, NULL, NULL, '{"speed": 92.3, "heading": 35, "ignition": true, "latitude": -26.230800000000002, "longitude": 28.1114}', '2026-02-06 18:07:05.544201+00', '2026-02-06 18:27:05.544201+00');
INSERT INTO public.telemetry_hot VALUES ('632d417d-ebb1-4300-b571-9ced959c19bc', '00000000-0000-0000-0000-000000000001', '40000000-0000-0000-0000-000000000005', NULL, NULL, NULL, NULL, NULL, '{"speed": 94.9, "heading": 94, "ignition": true, "latitude": -26.2208, "longitude": 28.1214}', '2026-02-06 18:02:05.544201+00', '2026-02-06 18:27:05.544201+00');
INSERT INTO public.telemetry_hot VALUES ('23e6739c-4f8f-4964-99b0-c13f221ec97f', '00000000-0000-0000-0000-000000000001', '40000000-0000-0000-0000-000000000005', NULL, NULL, NULL, NULL, NULL, '{"speed": 87.5, "heading": 27, "ignition": true, "latitude": -26.210800000000003, "longitude": 28.1314}', '2026-02-06 17:57:05.544201+00', '2026-02-06 18:27:05.544201+00');
INSERT INTO public.telemetry_hot VALUES ('90bec8e8-ffd2-4ea3-be7c-eb917577c659', '00000000-0000-0000-0000-000000000001', '40000000-0000-0000-0000-000000000005', NULL, NULL, NULL, NULL, NULL, '{"speed": 95.4, "heading": 332, "ignition": true, "latitude": -26.2008, "longitude": 28.1414}', '2026-02-06 17:52:05.544201+00', '2026-02-06 18:27:05.544201+00');
INSERT INTO public.telemetry_hot VALUES ('970c69e3-4fe9-4d53-8174-5b735e39f665', '00000000-0000-0000-0000-000000000001', '40000000-0000-0000-0000-000000000005', NULL, NULL, NULL, NULL, NULL, '{"speed": 72.2, "heading": 257, "ignition": true, "latitude": -26.190800000000003, "longitude": 28.1514}', '2026-02-06 17:47:05.544201+00', '2026-02-06 18:27:05.544201+00');
INSERT INTO public.telemetry_hot VALUES ('95085b99-e39e-40ee-90a4-21b9eb77f331', '00000000-0000-0000-0000-000000000001', '40000000-0000-0000-0000-000000000005', NULL, NULL, NULL, NULL, NULL, '{"speed": 75.1, "heading": 75, "ignition": true, "latitude": -26.1808, "longitude": 28.1614}', '2026-02-06 17:42:05.544201+00', '2026-02-06 18:27:05.544201+00');
INSERT INTO public.telemetry_hot VALUES ('e873eeea-0655-42b0-aaf9-778340b13027', '00000000-0000-0000-0000-000000000001', '40000000-0000-0000-0000-000000000005', NULL, NULL, NULL, NULL, NULL, '{"speed": 77.7, "heading": 235, "ignition": true, "latitude": -26.1708, "longitude": 28.171400000000002}', '2026-02-06 17:37:05.544201+00', '2026-02-06 18:27:05.544201+00');
INSERT INTO public.telemetry_hot VALUES ('f3b19e53-35fe-4520-963a-231510d66586', '00000000-0000-0000-0000-000000000001', '40000000-0000-0000-0000-000000000005', NULL, NULL, NULL, NULL, NULL, '{"speed": 67.2, "heading": 81, "ignition": true, "latitude": -26.160800000000002, "longitude": 28.1814}', '2026-02-06 17:32:05.544201+00', '2026-02-06 18:27:05.544201+00');
INSERT INTO public.telemetry_hot VALUES ('0cb535f2-a993-4c53-bd53-010087d6c2df', '00000000-0000-0000-0000-000000000001', '40000000-0000-0000-0000-000000000005', NULL, NULL, NULL, NULL, NULL, '{"speed": 85.1, "heading": 210, "ignition": true, "latitude": -26.1508, "longitude": 28.1914}', '2026-02-06 17:27:05.544201+00', '2026-02-06 18:27:05.544201+00');
INSERT INTO public.telemetry_hot VALUES ('2f1587d7-116a-4fc2-8f6c-da75b76d04b1', '00000000-0000-0000-0000-000000000001', '40000000-0000-0000-0000-000000000005', NULL, NULL, NULL, NULL, NULL, '{"speed": 76.5, "heading": 167, "ignition": true, "latitude": -26.140800000000002, "longitude": 28.2014}', '2026-02-06 17:22:05.544201+00', '2026-02-06 18:27:05.544201+00');
INSERT INTO public.telemetry_hot VALUES ('820d70a9-a308-4016-abb4-9c179978852e', '00000000-0000-0000-0000-000000000001', '40000000-0000-0000-0000-000000000005', NULL, NULL, NULL, NULL, NULL, '{"speed": 95.1, "heading": 135, "ignition": true, "latitude": -26.1308, "longitude": 28.2114}', '2026-02-06 17:17:05.544201+00', '2026-02-06 18:27:05.544201+00');
INSERT INTO public.telemetry_hot VALUES ('2a8fc3d3-a550-4dc8-817e-9fd2aae022bc', '00000000-0000-0000-0000-000000000001', '40000000-0000-0000-0000-000000000005', NULL, NULL, NULL, NULL, NULL, '{"speed": 79.3, "heading": 198, "ignition": true, "latitude": -26.120800000000003, "longitude": 28.2214}', '2026-02-06 17:12:05.544201+00', '2026-02-06 18:27:05.544201+00');
INSERT INTO public.telemetry_hot VALUES ('b880a8bc-6094-42f9-8b84-65f2303a9e70', '00000000-0000-0000-0000-000000000001', '40000000-0000-0000-0000-000000000006', NULL, NULL, NULL, NULL, NULL, '{"speed": 77.9, "heading": 276, "ignition": true, "latitude": -29.8674, "longitude": 31.0429}', '2026-02-06 18:27:05.544201+00', '2026-02-06 18:27:05.544201+00');
INSERT INTO public.telemetry_hot VALUES ('44978772-367a-4fc6-9104-5c3db8503f7d', '00000000-0000-0000-0000-000000000001', '40000000-0000-0000-0000-000000000006', NULL, NULL, NULL, NULL, NULL, '{"speed": 83.3, "heading": 252, "ignition": true, "latitude": -29.8574, "longitude": 31.0529}', '2026-02-06 18:22:05.544201+00', '2026-02-06 18:27:05.544201+00');
INSERT INTO public.telemetry_hot VALUES ('477ca6ee-96f6-46d1-9a9a-fa2628e2b2f1', '00000000-0000-0000-0000-000000000001', '40000000-0000-0000-0000-000000000006', NULL, NULL, NULL, NULL, NULL, '{"speed": 70.0, "heading": 243, "ignition": true, "latitude": -29.8474, "longitude": 31.0629}', '2026-02-06 18:17:05.544201+00', '2026-02-06 18:27:05.544201+00');
INSERT INTO public.telemetry_hot VALUES ('6ea0bab3-4c42-4848-933e-6cc9703f0909', '00000000-0000-0000-0000-000000000001', '40000000-0000-0000-0000-000000000006', NULL, NULL, NULL, NULL, NULL, '{"speed": 67.4, "heading": 232, "ignition": true, "latitude": -29.8374, "longitude": 31.0729}', '2026-02-06 18:12:05.544201+00', '2026-02-06 18:27:05.544201+00');
INSERT INTO public.telemetry_hot VALUES ('ce433cdd-4095-434b-996e-b8f0f5496d27', '00000000-0000-0000-0000-000000000001', '40000000-0000-0000-0000-000000000006', NULL, NULL, NULL, NULL, NULL, '{"speed": 83.4, "heading": 96, "ignition": true, "latitude": -29.8274, "longitude": 31.0829}', '2026-02-06 18:07:05.544201+00', '2026-02-06 18:27:05.544201+00');
INSERT INTO public.telemetry_hot VALUES ('9df68f82-226b-4117-bf48-92813216af5e', '00000000-0000-0000-0000-000000000001', '40000000-0000-0000-0000-000000000006', NULL, NULL, NULL, NULL, NULL, '{"speed": 89.8, "heading": 301, "ignition": true, "latitude": -29.8174, "longitude": 31.0929}', '2026-02-06 18:02:05.544201+00', '2026-02-06 18:27:05.544201+00');
INSERT INTO public.telemetry_hot VALUES ('7007017f-17dc-479c-9ff9-e1bb5d93a349', '00000000-0000-0000-0000-000000000001', '40000000-0000-0000-0000-000000000006', NULL, NULL, NULL, NULL, NULL, '{"speed": 74.3, "heading": 232, "ignition": true, "latitude": -29.8074, "longitude": 31.102899999999998}', '2026-02-06 17:57:05.544201+00', '2026-02-06 18:27:05.544201+00');
INSERT INTO public.telemetry_hot VALUES ('855262a6-93b0-4fad-b411-7a4e9ac65ad3', '00000000-0000-0000-0000-000000000001', '40000000-0000-0000-0000-000000000006', NULL, NULL, NULL, NULL, NULL, '{"speed": 81.5, "heading": 23, "ignition": true, "latitude": -29.7974, "longitude": 31.1129}', '2026-02-06 17:52:05.544201+00', '2026-02-06 18:27:05.544201+00');
INSERT INTO public.telemetry_hot VALUES ('9ba833cc-4a7b-4b28-9b41-8f561cf3e390', '00000000-0000-0000-0000-000000000001', '40000000-0000-0000-0000-000000000006', NULL, NULL, NULL, NULL, NULL, '{"speed": 71.6, "heading": 87, "ignition": true, "latitude": -29.7874, "longitude": 31.122899999999998}', '2026-02-06 17:47:05.544201+00', '2026-02-06 18:27:05.544201+00');
INSERT INTO public.telemetry_hot VALUES ('15d93058-8aa9-46ab-aecd-2349464bc33e', '00000000-0000-0000-0000-000000000001', '40000000-0000-0000-0000-000000000006', NULL, NULL, NULL, NULL, NULL, '{"speed": 63.4, "heading": 172, "ignition": true, "latitude": -29.7774, "longitude": 31.1329}', '2026-02-06 17:42:05.544201+00', '2026-02-06 18:27:05.544201+00');
INSERT INTO public.telemetry_hot VALUES ('35e31c9c-7d5e-4a9b-b6b1-b65ff2cfc271', '00000000-0000-0000-0000-000000000001', '40000000-0000-0000-0000-000000000006', NULL, NULL, NULL, NULL, NULL, '{"speed": 66.9, "heading": 306, "ignition": true, "latitude": -29.7674, "longitude": 31.1429}', '2026-02-06 17:37:05.544201+00', '2026-02-06 18:27:05.544201+00');
INSERT INTO public.telemetry_hot VALUES ('b3ec6e5a-a207-47f9-9bdf-16e20546a13b', '00000000-0000-0000-0000-000000000001', '40000000-0000-0000-0000-000000000006', NULL, NULL, NULL, NULL, NULL, '{"speed": 73.0, "heading": 123, "ignition": true, "latitude": -29.7574, "longitude": 31.1529}', '2026-02-06 17:32:05.544201+00', '2026-02-06 18:27:05.544201+00');
INSERT INTO public.telemetry_hot VALUES ('d2005307-e835-4bc7-8265-9956fcc625f7', '00000000-0000-0000-0000-000000000001', '40000000-0000-0000-0000-000000000006', NULL, NULL, NULL, NULL, NULL, '{"speed": 83.0, "heading": 70, "ignition": true, "latitude": -29.7474, "longitude": 31.1629}', '2026-02-06 17:27:05.544201+00', '2026-02-06 18:27:05.544201+00');
INSERT INTO public.telemetry_hot VALUES ('d0906b78-42c4-46c8-8e5e-87391ae4f953', '00000000-0000-0000-0000-000000000001', '40000000-0000-0000-0000-000000000006', NULL, NULL, NULL, NULL, NULL, '{"speed": 65.1, "heading": 254, "ignition": true, "latitude": -29.7374, "longitude": 31.1729}', '2026-02-06 17:22:05.544201+00', '2026-02-06 18:27:05.544201+00');
INSERT INTO public.telemetry_hot VALUES ('dbb0be21-27ef-45ae-82ed-5eb9bfb8147b', '00000000-0000-0000-0000-000000000001', '40000000-0000-0000-0000-000000000006', NULL, NULL, NULL, NULL, NULL, '{"speed": 95.7, "heading": 328, "ignition": true, "latitude": -29.7274, "longitude": 31.1829}', '2026-02-06 17:17:05.544201+00', '2026-02-06 18:27:05.544201+00');
INSERT INTO public.telemetry_hot VALUES ('8eaa21f2-109a-4258-8b72-2faf7bb9ce61', '00000000-0000-0000-0000-000000000001', '40000000-0000-0000-0000-000000000006', NULL, NULL, NULL, NULL, NULL, '{"speed": 87.5, "heading": 197, "ignition": true, "latitude": -29.7174, "longitude": 31.192899999999998}', '2026-02-06 17:12:05.544201+00', '2026-02-06 18:27:05.544201+00');
INSERT INTO public.telemetry_hot VALUES ('1ba704d8-e6ee-45b3-9acc-0302b296475d', '00000000-0000-0000-0000-000000000001', '40000000-0000-0000-0000-000000000007', 16.87203292437545, 50.490814193643686, 1018.8860647514254, NULL, NULL, '{"pm10": 22.5, "pm25": 35.0, "air_quality_index": 49}', '2026-02-06 08:56:44.269946+00', '2026-02-06 18:27:05.550449+00');
INSERT INTO public.telemetry_hot VALUES ('66df81e4-0276-4e3e-9df1-866f3bb5ba70', '00000000-0000-0000-0000-000000000001', '40000000-0000-0000-0000-000000000007', 27.126167941980306, 64.88394818370824, 1020.8066354168051, NULL, NULL, '{"pm10": 30.1, "pm25": 47.4, "air_quality_index": 125}', '2026-02-06 01:55:29.547459+00', '2026-02-06 18:27:05.550449+00');
INSERT INTO public.telemetry_hot VALUES ('4eee0df6-6308-416c-bd44-1307e8414d28', '00000000-0000-0000-0000-000000000001', '40000000-0000-0000-0000-000000000007', 28.933605079119772, 65.50411358724489, 1029.1243059197955, NULL, NULL, '{"pm10": 51.6, "pm25": 7.0, "air_quality_index": 68}', '2026-02-06 13:51:16.345663+00', '2026-02-06 18:27:05.550449+00');
INSERT INTO public.telemetry_hot VALUES ('f2feb748-acdf-4a34-888a-83307eb7a3a9', '00000000-0000-0000-0000-000000000001', '40000000-0000-0000-0000-000000000007', 25.477075987876525, 45.81263589207357, 1018.943160531758, NULL, NULL, '{"pm10": 14.0, "pm25": 12.1, "air_quality_index": 75}', '2026-02-06 08:26:51.679997+00', '2026-02-06 18:27:05.550449+00');
INSERT INTO public.telemetry_hot VALUES ('62e75dbf-b4fe-4a1e-ae44-d300bf9de906', '00000000-0000-0000-0000-000000000001', '40000000-0000-0000-0000-000000000007', 28.748892297018443, 74.0573020031164, 1028.3717674202812, NULL, NULL, '{"pm10": 5.2, "pm25": 4.3, "air_quality_index": 49}', '2026-02-06 13:01:43.36193+00', '2026-02-06 18:27:05.550449+00');
INSERT INTO public.telemetry_hot VALUES ('ede290ff-2099-4723-9ca7-32c0617364c4', '00000000-0000-0000-0000-000000000001', '40000000-0000-0000-0000-000000000007', 22.066987080928683, 57.66351773554511, 1016.3921020687695, NULL, NULL, '{"pm10": 88.4, "pm25": 13.6, "air_quality_index": 112}', '2026-02-06 16:18:26.783235+00', '2026-02-06 18:27:05.550449+00');
INSERT INTO public.telemetry_hot VALUES ('69155fdc-7f78-4567-9458-66918ccb26e2', '00000000-0000-0000-0000-000000000001', '40000000-0000-0000-0000-000000000007', 27.923855521029882, 66.8862097144295, 1029.466486434586, NULL, NULL, '{"pm10": 48.1, "pm25": 9.3, "air_quality_index": 20}', '2026-02-06 18:11:41.290636+00', '2026-02-06 18:27:05.550449+00');
INSERT INTO public.telemetry_hot VALUES ('edc54480-2f2a-41b3-9618-1575ac85867f', '00000000-0000-0000-0000-000000000001', '40000000-0000-0000-0000-000000000007', 16.32103088403035, 40.651517946419546, 1020.9700080711274, NULL, NULL, '{"pm10": 71.4, "pm25": 4.2, "air_quality_index": 86}', '2026-02-06 06:42:33.496909+00', '2026-02-06 18:27:05.550449+00');
INSERT INTO public.telemetry_hot VALUES ('f679549d-bb4a-4a63-8ce6-4aaf9ee1c003', '00000000-0000-0000-0000-000000000001', '40000000-0000-0000-0000-000000000007', 22.30968645551576, 42.71188460903137, 1014.6808934399132, NULL, NULL, '{"pm10": 37.1, "pm25": 34.6, "air_quality_index": 6}', '2026-02-06 15:16:45.50315+00', '2026-02-06 18:27:05.550449+00');
INSERT INTO public.telemetry_hot VALUES ('4b6819de-a40b-445a-9f98-fe9cff1e6e6c', '00000000-0000-0000-0000-000000000001', '40000000-0000-0000-0000-000000000007', 21.12188094474927, 78.00483932067175, 1023.832720025472, NULL, NULL, '{"pm10": 51.4, "pm25": 21.3, "air_quality_index": 144}', '2026-02-06 00:58:58.990457+00', '2026-02-06 18:27:05.550449+00');
INSERT INTO public.telemetry_hot VALUES ('f3996b3d-3465-4217-bc5f-159de6fd5867', '00000000-0000-0000-0000-000000000001', '40000000-0000-0000-0000-000000000007', 17.10666364446779, 43.391871069990835, 1024.2972772099397, NULL, NULL, '{"pm10": 81.8, "pm25": 2.4, "air_quality_index": 95}', '2026-02-06 12:31:24.339613+00', '2026-02-06 18:27:05.550449+00');
INSERT INTO public.telemetry_hot VALUES ('4db809a4-152e-474e-a587-5e201a1b87b1', '00000000-0000-0000-0000-000000000001', '40000000-0000-0000-0000-000000000007', 23.19997451201594, 69.57459324943521, 1020.4887157034359, NULL, NULL, '{"pm10": 23.4, "pm25": 25.2, "air_quality_index": 26}', '2026-02-06 13:01:41.758887+00', '2026-02-06 18:27:05.550449+00');
INSERT INTO public.telemetry_hot VALUES ('e56bca97-7384-40dc-a8ae-3b400466bfcc', '00000000-0000-0000-0000-000000000001', '40000000-0000-0000-0000-000000000007', 24.45562160267381, 63.46722885209579, 1016.465800258373, NULL, NULL, '{"pm10": 69.2, "pm25": 24.4, "air_quality_index": 115}', '2026-02-06 12:30:33.185941+00', '2026-02-06 18:27:05.550449+00');
INSERT INTO public.telemetry_hot VALUES ('a3200340-9366-4b19-bdc2-4041324f3ffb', '00000000-0000-0000-0000-000000000001', '40000000-0000-0000-0000-000000000007', 15.386118124375935, 59.689445938121075, 1023.4553164054736, NULL, NULL, '{"pm10": 17.4, "pm25": 4.5, "air_quality_index": 116}', '2026-02-05 18:33:17.732627+00', '2026-02-06 18:27:05.550449+00');
INSERT INTO public.telemetry_hot VALUES ('81b00739-58bf-429e-9f87-e23fddffc06e', '00000000-0000-0000-0000-000000000001', '40000000-0000-0000-0000-000000000007', 20.865070517895255, 49.311332472117854, 1024.5570613686866, NULL, NULL, '{"pm10": 26.2, "pm25": 22.8, "air_quality_index": 128}', '2026-02-06 11:01:55.377166+00', '2026-02-06 18:27:05.550449+00');
INSERT INTO public.telemetry_hot VALUES ('f5ac9303-03d2-4576-a451-25678b457420', '00000000-0000-0000-0000-000000000001', '40000000-0000-0000-0000-000000000007', 16.104699486330837, 65.42088326258963, 1012.867685597102, NULL, NULL, '{"pm10": 33.9, "pm25": 15.1, "air_quality_index": 18}', '2026-02-06 18:11:12.034595+00', '2026-02-06 18:27:05.550449+00');
INSERT INTO public.telemetry_hot VALUES ('164cd5b0-4b74-4a74-954a-a3dd7ae60ac3', '00000000-0000-0000-0000-000000000001', '40000000-0000-0000-0000-000000000007', 27.33588184587184, 77.62878864378206, 1014.5883162211954, NULL, NULL, '{"pm10": 16.4, "pm25": 4.2, "air_quality_index": 20}', '2026-02-06 12:01:21.907868+00', '2026-02-06 18:27:05.550449+00');
INSERT INTO public.telemetry_hot VALUES ('dfd87514-de44-4f39-be82-70cf84085f99', '00000000-0000-0000-0000-000000000001', '40000000-0000-0000-0000-000000000007', 18.975901010166343, 77.24438741853463, 1018.2147393413882, NULL, NULL, '{"pm10": 67.7, "pm25": 27.4, "air_quality_index": 85}', '2026-02-06 03:21:09.825605+00', '2026-02-06 18:27:05.550449+00');
INSERT INTO public.telemetry_hot VALUES ('999a426e-9f42-461a-abe0-2497d955cce6', '00000000-0000-0000-0000-000000000001', '40000000-0000-0000-0000-000000000007', 19.397442366986546, 53.01366282830042, 1022.8548504868154, NULL, NULL, '{"pm10": 50.1, "pm25": 31.0, "air_quality_index": 123}', '2026-02-06 16:50:08.132302+00', '2026-02-06 18:27:05.550449+00');
INSERT INTO public.telemetry_hot VALUES ('caad8976-5913-4d43-af20-30aa6fafbdee', '00000000-0000-0000-0000-000000000001', '40000000-0000-0000-0000-000000000007', 24.345644639068148, 62.415010268464584, 1010.1257534848679, NULL, NULL, '{"pm10": 67.3, "pm25": 28.4, "air_quality_index": 44}', '2026-02-06 08:39:35.646804+00', '2026-02-06 18:27:05.550449+00');
INSERT INTO public.telemetry_hot VALUES ('da557c68-7759-4c74-80ea-2ddc911bbe75', '00000000-0000-0000-0000-000000000001', '40000000-0000-0000-0000-000000000008', 17.589090122535374, 59.40327964141189, 1020.6745023278248, NULL, NULL, '{"pm10": 43.4, "pm25": 41.8, "air_quality_index": 63}', '2026-02-05 23:07:30.304834+00', '2026-02-06 18:27:05.550449+00');
INSERT INTO public.telemetry_hot VALUES ('c027ac4a-c91f-4c2d-9eb5-5cff1756eb71', '00000000-0000-0000-0000-000000000001', '40000000-0000-0000-0000-000000000008', 24.322036667014153, 69.41069063954635, 1025.4152911193755, NULL, NULL, '{"pm10": 90.3, "pm25": 10.0, "air_quality_index": 65}', '2026-02-06 01:00:49.880659+00', '2026-02-06 18:27:05.550449+00');
INSERT INTO public.telemetry_hot VALUES ('6a1b3fe6-94cf-4d5f-a7cc-63680b313c63', '00000000-0000-0000-0000-000000000001', '40000000-0000-0000-0000-000000000008', 15.368176958448537, 72.31544025725591, 1029.246746614907, NULL, NULL, '{"pm10": 35.9, "pm25": 18.1, "air_quality_index": 129}', '2026-02-06 07:51:36.911062+00', '2026-02-06 18:27:05.550449+00');
INSERT INTO public.telemetry_hot VALUES ('a2de579a-cba9-41f0-8c44-71f0c91ca30c', '00000000-0000-0000-0000-000000000001', '40000000-0000-0000-0000-000000000008', 29.13813407454812, 46.218501156237465, 1010.1119952084528, NULL, NULL, '{"pm10": 44.0, "pm25": 49.6, "air_quality_index": 50}', '2026-02-05 18:35:09.830709+00', '2026-02-06 18:27:05.550449+00');
INSERT INTO public.telemetry_hot VALUES ('669ac3cc-64aa-45e7-b568-af0be76a36da', '00000000-0000-0000-0000-000000000001', '40000000-0000-0000-0000-000000000008', 16.55240361652099, 58.758694967055014, 1017.4504541350383, NULL, NULL, '{"pm10": 23.7, "pm25": 19.9, "air_quality_index": 117}', '2026-02-06 12:51:17.370749+00', '2026-02-06 18:27:05.550449+00');
INSERT INTO public.telemetry_hot VALUES ('2a3f8962-8b67-4beb-b2c6-ff7dec786254', '00000000-0000-0000-0000-000000000001', '40000000-0000-0000-0000-000000000008', 22.88762818417577, 59.45806830565006, 1019.8711609261723, NULL, NULL, '{"pm10": 34.7, "pm25": 9.9, "air_quality_index": 47}', '2026-02-06 00:19:33.062328+00', '2026-02-06 18:27:05.550449+00');
INSERT INTO public.telemetry_hot VALUES ('535cea33-5318-43b2-a92f-aba862165253', '00000000-0000-0000-0000-000000000001', '40000000-0000-0000-0000-000000000008', 28.40522240400741, 66.77454071805435, 1022.767370562828, NULL, NULL, '{"pm10": 99.7, "pm25": 4.9, "air_quality_index": 26}', '2026-02-05 23:24:54.502419+00', '2026-02-06 18:27:05.550449+00');
INSERT INTO public.telemetry_hot VALUES ('8cc7f7b1-ebb4-424c-a1d3-642195c998b6', '00000000-0000-0000-0000-000000000001', '40000000-0000-0000-0000-000000000008', 28.64239087154113, 52.659019016366045, 1029.6019616826582, NULL, NULL, '{"pm10": 13.8, "pm25": 18.1, "air_quality_index": 85}', '2026-02-06 02:43:24.221017+00', '2026-02-06 18:27:05.550449+00');
INSERT INTO public.telemetry_hot VALUES ('c054069f-3e8a-4313-849d-90a107154d42', '00000000-0000-0000-0000-000000000001', '40000000-0000-0000-0000-000000000008', 17.304075511170325, 76.96907218297632, 1028.9457552974916, NULL, NULL, '{"pm10": 67.0, "pm25": 44.7, "air_quality_index": 11}', '2026-02-06 06:57:01.554337+00', '2026-02-06 18:27:05.550449+00');
INSERT INTO public.telemetry_hot VALUES ('06325b8c-0470-4db8-b63a-8cdc7cf93004', '00000000-0000-0000-0000-000000000001', '40000000-0000-0000-0000-000000000008', 24.201846604664148, 50.6502001275293, 1011.0102698833788, NULL, NULL, '{"pm10": 20.1, "pm25": 0.5, "air_quality_index": 89}', '2026-02-05 20:19:58.428451+00', '2026-02-06 18:27:05.550449+00');
INSERT INTO public.telemetry_hot VALUES ('cccd3e01-1171-44fb-81f8-81703439f81c', '00000000-0000-0000-0000-000000000001', '40000000-0000-0000-0000-000000000008', 24.4447869463207, 41.92562636751963, 1029.8659006937144, NULL, NULL, '{"pm10": 94.3, "pm25": 22.2, "air_quality_index": 20}', '2026-02-05 20:54:51.756966+00', '2026-02-06 18:27:05.550449+00');
INSERT INTO public.telemetry_hot VALUES ('f2e3ecd1-d72a-475a-8d7c-4dfef287dad7', '00000000-0000-0000-0000-000000000001', '40000000-0000-0000-0000-000000000008', 26.964948875396786, 61.89095995580499, 1025.9625256005409, NULL, NULL, '{"pm10": 98.0, "pm25": 44.4, "air_quality_index": 7}', '2026-02-06 14:08:04.814312+00', '2026-02-06 18:27:05.550449+00');
INSERT INTO public.telemetry_hot VALUES ('dccec9b5-6e38-4cd3-99ef-49ad8e8c632c', '00000000-0000-0000-0000-000000000001', '40000000-0000-0000-0000-000000000008', 15.13826411198027, 76.44738518398498, 1027.2677052659044, NULL, NULL, '{"pm10": 85.4, "pm25": 19.4, "air_quality_index": 142}', '2026-02-05 19:22:18.405032+00', '2026-02-06 18:27:05.550449+00');
INSERT INTO public.telemetry_hot VALUES ('5a466674-ab4a-46e8-8941-585dcb5f54d5', '00000000-0000-0000-0000-000000000001', '40000000-0000-0000-0000-000000000008', 27.680934531115803, 77.70729633231907, 1024.5565869296365, NULL, NULL, '{"pm10": 88.6, "pm25": 23.3, "air_quality_index": 27}', '2026-02-06 05:36:43.650937+00', '2026-02-06 18:27:05.550449+00');
INSERT INTO public.telemetry_hot VALUES ('481a733b-6dd0-4693-a511-aa6ccd9dd631', '00000000-0000-0000-0000-000000000001', '40000000-0000-0000-0000-000000000008', 29.582255619220657, 50.650774171398155, 1014.3663986821189, NULL, NULL, '{"pm10": 18.3, "pm25": 45.2, "air_quality_index": 43}', '2026-02-06 12:26:42.385572+00', '2026-02-06 18:27:05.550449+00');
INSERT INTO public.telemetry_hot VALUES ('8255e32b-40b1-4fd3-a973-f098aaad2dd9', '00000000-0000-0000-0000-000000000001', '40000000-0000-0000-0000-000000000008', 15.88997442140088, 78.40529614807733, 1024.0414072814474, NULL, NULL, '{"pm10": 73.5, "pm25": 47.7, "air_quality_index": 149}', '2026-02-05 21:21:05.202168+00', '2026-02-06 18:27:05.550449+00');
INSERT INTO public.telemetry_hot VALUES ('cd0b4df0-d408-489c-a1c5-9912f944107a', '00000000-0000-0000-0000-000000000001', '40000000-0000-0000-0000-000000000008', 28.621943221609044, 63.48163678596565, 1021.3977104217485, NULL, NULL, '{"pm10": 29.1, "pm25": 34.6, "air_quality_index": 91}', '2026-02-06 04:29:53.539494+00', '2026-02-06 18:27:05.550449+00');
INSERT INTO public.telemetry_hot VALUES ('9234ee64-55ea-40c2-961a-56f0f5679674', '00000000-0000-0000-0000-000000000001', '40000000-0000-0000-0000-000000000008', 18.7338564955822, 46.943051553743594, 1014.9936194130812, NULL, NULL, '{"pm10": 59.1, "pm25": 2.6, "air_quality_index": 36}', '2026-02-05 19:26:47.238761+00', '2026-02-06 18:27:05.550449+00');
INSERT INTO public.telemetry_hot VALUES ('a39c7292-4058-45bb-8aff-c6c9883661e3', '00000000-0000-0000-0000-000000000001', '40000000-0000-0000-0000-000000000008', 29.786097658034997, 65.55000899513769, 1012.4028107820238, NULL, NULL, '{"pm10": 23.1, "pm25": 6.5, "air_quality_index": 68}', '2026-02-06 12:23:22.859816+00', '2026-02-06 18:27:05.550449+00');
INSERT INTO public.telemetry_hot VALUES ('48db0cac-d5ed-4c9f-9719-33fe33dd3f32', '00000000-0000-0000-0000-000000000001', '40000000-0000-0000-0000-000000000008', 16.429719071291103, 45.54161545477024, 1010.6608530847942, NULL, NULL, '{"pm10": 96.9, "pm25": 9.5, "air_quality_index": 78}', '2026-02-05 22:00:41.162234+00', '2026-02-06 18:27:05.550449+00');


--
-- PostgreSQL database dump complete
--

\unrestrict SEVMHgM4Ms6ADYlu4eKYsqTj40gX1b3dIxpyilStU4W1gZa54CBu5Z7UVDycu70

